"User ID","First Name","Last Name","Employee ID","Date","In","Out","Short","OT","LeaveType","Work code","Day type"
"2","Franklin","Moris","1-00001","01/01/2026","08:00","17:00","","","None","","Workday"
"3","Gwen Atasha","Lumagbas","1-00002","01/01/2026","08:00","17:00","","","None","","Workday"
"4","Maron","Javier","1-00003","01/01/2026","","","","","None","","Restday"
"5","Elena","Santos","1-00004","01/01/2026","08:30","17:30","","","None","","Workday"
"6","Miguel","Reyes","1-00005","01/01/2026","08:00","17:00","","","None","","Workday"
"7","Ana","Cruz","1-00006","01/01/2026","13:00","17:00","","","None","","Workday"
"8","Roberto","Lim","1-00007","01/01/2026","08:00","17:00","","","None","","Workday"
"9","Maria","Gonzales","1-00008","01/01/2026","09:00","18:00","","","None","","Workday"
"10","James","Villanueva","1-00009","01/01/2026","","","","","None","","Restday"
"11","Patricia","Ng","1-00010","01/01/2026","08:00","17:00","","","None","","Workday"
"2","Franklin","Moris","1-00001","02/01/2026","08:00","17:00","","","None","","Workday"
"3","Gwen Atasha","Lumagbas","1-00002","02/01/2026","08:00","17:00","","","None","","Workday"
"4","Maron","Javier","1-00003","02/01/2026","13:00","17:00","","","None","","Workday"
"5","Elena","Santos","1-00004","02/01/2026","08:30","17:30","","","None","","Workday"
"6","Miguel","Reyes","1-00005","02/01/2026","08:00","17:00","","","None","","Workday"
"7","Ana","Cruz","1-00006","02/01/2026","","","","","None","","Restday"
"8","Roberto","Lim","1-00007","02/01/2026","08:17","17:00","","","None","","Workday"
"9","Maria","Gonzales","1-00008","02/01/2026","09:00","18:00","","","None","","Workday"
"10","James","Villanueva","1-00009","02/01/2026","13:00","17:00","","","None","","Workday"
"11","Patricia","Ng","1-00010","02/01/2026","08:00","17:00","","","None","","Workday"
"2","Franklin","Moris","1-00001","03/01/2026","","","","","None","","Restday"
"3","Gwen Atasha","Lumagbas","1-00002","03/01/2026","","","","","None","","Restday"
"4","Maron","Javier","1-00003","03/01/2026","","","","","None","","Restday"
"5","Elena","Santos","1-00004","03/01/2026","","","","","None","","Restday"
"6","Miguel","Reyes","1-00005","03/01/2026","","","","","None","","Restday"
"7","Ana","Cruz","1-00006","03/01/2026","","","","","None","","Restday"
"8","Roberto","Lim","1-00007","03/01/2026","","","","","None","","Restday"
"9","Maria","Gonzales","1-00008","03/01/2026","","","","","None","","Restday"
"10","James","Villanueva","1-00009","03/01/2026","","","","","None","","Restday"
"11","Patricia","Ng","1-00010","03/01/2026","","","","","None","","Restday"
"2","Franklin","Moris","1-00001","04/01/2026","","","","","None","","Restday"
"3","Gwen Atasha","Lumagbas","1-00002","04/01/2026","","","","","None","","Restday"
"4","Maron","Javier","1-00003","04/01/2026","","","","","None","","Restday"
"5","Elena","Santos","1-00004","04/01/2026","","","","","None","","Restday"
"6","Miguel","Reyes","1-00005","04/01/2026","","","","","None","","Restday"
"7","Ana","Cruz","1-00006","04/01/2026","","","","","None","","Restday"
"8","Roberto","Lim","1-00007","04/01/2026","","","","","None","","Restday"
"9","Maria","Gonzales","1-00008","04/01/2026","","","","","None","","Restday"
"10","James","Villanueva","1-00009","04/01/2026","","","","","None","","Restday"
"11","Patricia","Ng","1-00010","04/01/2026","","","","","None","","Restday"
"2","Franklin","Moris","1-00001","05/01/2026","08:00","17:00","","","None","","Workday"
"3","Gwen Atasha","Lumagbas","1-00002","05/01/2026","08:17","17:00","","","None","","Workday"
"4","Maron","Javier","1-00003","05/01/2026","13:00","17:00","","","None","","Workday"
"5","Elena","Santos","1-00004","05/01/2026","08:30","17:30","","","None","","Workday"
"6","Miguel","Reyes","1-00005","05/01/2026","08:00","17:00","","","None","","Workday"
"7","Ana","Cruz","1-00006","05/01/2026","","","","","None","","Restday"
"8","Roberto","Lim","1-00007","05/01/2026","08:00","17:00","","","None","","Workday"
"9","Maria","Gonzales","1-00008","05/01/2026","09:00","18:00","","","None","","Workday"
"10","James","Villanueva","1-00009","05/01/2026","13:00","17:00","","","None","","Workday"
"11","Patricia","Ng","1-00010","05/01/2026","08:00","17:00","","","None","","Workday"
"2","Franklin","Moris","1-00001","06/01/2026","08:00","17:00","","","None","","Workday"
"3","Gwen Atasha","Lumagbas","1-00002","06/01/2026","08:00","17:00","","","None","","Workday"
"4","Maron","Javier","1-00003","06/01/2026","","","","","None","","Restday"
"5","Elena","Santos","1-00004","06/01/2026","08:30","17:30","","","None","","Workday"
"6","Miguel","Reyes","1-00005","06/01/2026","08:00","17:00","","","None","","Workday"
"7","Ana","Cruz","1-00006","06/01/2026","13:00","17:00","","","None","","Workday"
"8","Roberto","Lim","1-00007","06/01/2026","08:00","17:00","","","None","","Workday"
"9","Maria","Gonzales","1-00008","06/01/2026","09:00","18:00","","","None","","Workday"
"10","James","Villanueva","1-00009","06/01/2026","","","","","None","","Restday"
"11","Patricia","Ng","1-00010","06/01/2026","08:00","17:00","","","None","","Workday"
"2","Franklin","Moris","1-00001","07/01/2026","08:00","17:00","","","None","","Workday"
"3","Gwen Atasha","Lumagbas","1-00002","07/01/2026","08:00","17:00","","","None","","Workday"
"4","Maron","Javier","1-00003","07/01/2026","13:00","17:00","","","None","","Workday"
"5","Elena","Santos","1-00004","07/01/2026","08:30","17:30","","","None","","Workday"
"6","Miguel","Reyes","1-00005","07/01/2026","08:00","17:00","","","None","","Workday"
"7","Ana","Cruz","1-00006","07/01/2026","","","","","None","","Restday"
"8","Roberto","Lim","1-00007","07/01/2026","08:00","17:00","","","None","","Workday"
"9","Maria","Gonzales","1-00008","07/01/2026","09:00","18:00","","","None","","Workday"
"10","James","Villanueva","1-00009","07/01/2026","13:00","17:00","","","None","","Workday"
"11","Patricia","Ng","1-00010","07/01/2026","08:00","17:00","","","None","","Workday"
"2","Franklin","Moris","1-00001","08/01/2026","08:00","17:00","","","None","","Workday"
"3","Gwen Atasha","Lumagbas","1-00002","08/01/2026","08:00","17:00","","","None","","Workday"
"4","Maron","Javier","1-00003","08/01/2026","","","","","None","","Restday"
"5","Elena","Santos","1-00004","08/01/2026","08:30","17:30","","","None","","Workday"
"6","Miguel","Reyes","1-00005","08/01/2026","08:00","17:00","","","None","","Workday"
"7","Ana","Cruz","1-00006","08/01/2026","13:00","17:00","","","None","","Workday"
"8","Roberto","Lim","1-00007","08/01/2026","08:00","17:00","","","None","","Workday"
"9","Maria","Gonzales","1-00008","08/01/2026","09:00","18:00","","","None","","Workday"
"10","James","Villanueva","1-00009","08/01/2026","","","","","None","","Restday"
"11","Patricia","Ng","1-00010","08/01/2026","08:00","16:40","20","","None","","Workday"
"2","Franklin","Moris","1-00001","09/01/2026","08:00","17:00","","","None","","Workday"
"3","Gwen Atasha","Lumagbas","1-00002","09/01/2026","08:00","17:00","","","None","","Workday"
"4","Maron","Javier","1-00003","09/01/2026","13:00","17:00","","","None","","Workday"
"5","Elena","Santos","1-00004","09/01/2026","08:30","17:30","","","None","","Workday"
"6","Miguel","Reyes","1-00005","09/01/2026","08:17","17:00","","","None","","Workday"
"7","Ana","Cruz","1-00006","09/01/2026","","","","","None","","Restday"
"8","Roberto","Lim","1-00007","09/01/2026","08:00","17:00","","","None","","Workday"
"9","Maria","Gonzales","1-00008","09/01/2026","09:00","18:00","","","None","","Workday"
"10","James","Villanueva","1-00009","09/01/2026","13:00","17:00","","","None","","Workday"
"11","Patricia","Ng","1-00010","09/01/2026","08:00","17:00","","","None","","Workday"
"2","Franklin","Moris","1-00001","10/01/2026","","","","","None","","Restday"
"3","Gwen Atasha","Lumagbas","1-00002","10/01/2026","","","","","None","","Restday"
"4","Maron","Javier","1-00003","10/01/2026","","","","","None","","Restday"
"5","Elena","Santos","1-00004","10/01/2026","","","","","None","","Restday"
"6","Miguel","Reyes","1-00005","10/01/2026","","","","","None","","Restday"
"7","Ana","Cruz","1-00006","10/01/2026","","","","","None","","Restday"
"8","Roberto","Lim","1-00007","10/01/2026","","","","","None","","Restday"
"9","Maria","Gonzales","1-00008","10/01/2026","","","","","None","","Restday"
"10","James","Villanueva","1-00009","10/01/2026","","","","","None","","Restday"
"11","Patricia","Ng","1-00010","10/01/2026","","","","","None","","Restday"
"2","Franklin","Moris","1-00001","11/01/2026","","","","","None","","Restday"
"3","Gwen Atasha","Lumagbas","1-00002","11/01/2026","","","","","None","","Restday"
"4","Maron","Javier","1-00003","11/01/2026","","","","","None","","Restday"
"5","Elena","Santos","1-00004","11/01/2026","","","","","None","","Restday"
"6","Miguel","Reyes","1-00005","11/01/2026","","","","","None","","Restday"
"7","Ana","Cruz","1-00006","11/01/2026","","","","","None","","Restday"
"8","Roberto","Lim","1-00007","11/01/2026","","","","","None","","Restday"
"9","Maria","Gonzales","1-00008","11/01/2026","","","","","None","","Restday"
"10","James","Villanueva","1-00009","11/01/2026","","","","","None","","Restday"
"11","Patricia","Ng","1-00010","11/01/2026","","","","","None","","Restday"
"2","Franklin","Moris","1-00001","12/01/2026","08:00","17:00","","","None","","Workday"
"3","Gwen Atasha","Lumagbas","1-00002","12/01/2026","08:00","17:00","","","None","","Workday"
"4","Maron","Javier","1-00003","12/01/2026","13:00","17:00","","","None","","Workday"
"5","Elena","Santos","1-00004","12/01/2026","08:17","17:30","","","None","","Workday"
"6","Miguel","Reyes","1-00005","12/01/2026","08:00","17:00","","","None","","Workday"
"7","Ana","Cruz","1-00006","12/01/2026","","","","","None","","Restday"
"8","Roberto","Lim","1-00007","12/01/2026","08:00","17:00","","","None","","Workday"
"9","Maria","Gonzales","1-00008","12/01/2026","09:00","18:00","","","None","","Workday"
"10","James","Villanueva","1-00009","12/01/2026","13:12","17:00","","","None","","Workday"
"11","Patricia","Ng","1-00010","12/01/2026","08:17","17:00","","","None","","Workday"
"2","Franklin","Moris","1-00001","13/01/2026","08:00","17:00","","","None","","Workday"
"3","Gwen Atasha","Lumagbas","1-00002","13/01/2026","08:00","17:00","","","None","","Workday"
"4","Maron","Javier","1-00003","13/01/2026","","","","","None","","Restday"
"5","Elena","Santos","1-00004","13/01/2026","08:30","17:30","","","None","","Workday"
"6","Miguel","Reyes","1-00005","13/01/2026","08:00","17:00","","","None","","Workday"
"7","Ana","Cruz","1-00006","13/01/2026","13:00","17:00","","","None","","Workday"
"8","Roberto","Lim","1-00007","13/01/2026","08:00","17:00","","","None","","Workday"
"9","Maria","Gonzales","1-00008","13/01/2026","09:00","18:00","","","None","","Workday"
"10","James","Villanueva","1-00009","13/01/2026","","","","","None","","Restday"
"11","Patricia","Ng","1-00010","13/01/2026","08:00","17:00","","","None","","Workday"
"2","Franklin","Moris","1-00001","14/01/2026","08:00","17:00","","","None","","Workday"
"3","Gwen Atasha","Lumagbas","1-00002","14/01/2026","08:00","17:00","","","None","","Workday"
"4","Maron","Javier","1-00003","14/01/2026","13:00","17:00","","","None","","Workday"
"5","Elena","Santos","1-00004","14/01/2026","08:30","17:30","","","None","","Workday"
"6","Miguel","Reyes","1-00005","14/01/2026","08:00","17:00","","","None","","Workday"
"7","Ana","Cruz","1-00006","14/01/2026","","","","","None","","Restday"
"8","Roberto","Lim","1-00007","14/01/2026","08:00","17:00","","","None","","Workday"
"9","Maria","Gonzales","1-00008","14/01/2026","09:00","18:00","","","None","","Workday"
"10","James","Villanueva","1-00009","14/01/2026","13:00","17:00","","","None","","Workday"
"11","Patricia","Ng","1-00010","14/01/2026","08:00","17:00","","","None","","Workday"
"2","Franklin","Moris","1-00001","15/01/2026","08:00","17:00","","","None","","Workday"
"3","Gwen Atasha","Lumagbas","1-00002","15/01/2026","08:00","17:00","","","None","","Workday"
"4","Maron","Javier","1-00003","15/01/2026","","","","","None","","Restday"
"5","Elena","Santos","1-00004","15/01/2026","08:30","17:30","","","None","","Workday"
"6","Miguel","Reyes","1-00005","15/01/2026","08:00","17:00","","","None","","Workday"
"7","Ana","Cruz","1-00006","15/01/2026","13:00","17:00","","","None","","Workday"
"8","Roberto","Lim","1-00007","15/01/2026","08:00","18:30","","1","None","","Workday"
"9","Maria","Gonzales","1-00008","15/01/2026","09:00","18:00","","","None","","Workday"
"10","James","Villanueva","1-00009","15/01/2026","","","","","None","","Restday"
"11","Patricia","Ng","1-00010","15/01/2026","08:00","17:00","","","None","","Workday"
"2","Franklin","Moris","1-00001","16/01/2026","08:00","17:00","","","None","","Workday"
"3","Gwen Atasha","Lumagbas","1-00002","16/01/2026","08:00","17:00","","","None","","Workday"
"4","Maron","Javier","1-00003","16/01/2026","13:00","17:00","","","None","","Workday"
"5","Elena","Santos","1-00004","16/01/2026","08:30","17:30","","","None","","Workday"
"6","Miguel","Reyes","1-00005","16/01/2026","08:00","17:00","","","None","","Workday"
"7","Ana","Cruz","1-00006","16/01/2026","","","","","None","","Restday"
"8","Roberto","Lim","1-00007","16/01/2026","08:00","17:00","","","None","","Workday"
"9","Maria","Gonzales","1-00008","16/01/2026","09:00","18:00","","","None","","Workday"
"10","James","Villanueva","1-00009","16/01/2026","13:00","17:00","","","None","","Workday"
"11","Patricia","Ng","1-00010","16/01/2026","08:00","17:00","","","None","","Workday"
"2","Franklin","Moris","1-00001","17/01/2026","","","","","None","","Restday"
"3","Gwen Atasha","Lumagbas","1-00002","17/01/2026","","","","","None","","Restday"
"4","Maron","Javier","1-00003","17/01/2026","","","","","None","","Restday"
"5","Elena","Santos","1-00004","17/01/2026","","","","","None","","Restday"
"6","Miguel","Reyes","1-00005","17/01/2026","","","","","None","","Restday"
"7","Ana","Cruz","1-00006","17/01/2026","","","","","None","","Restday"
"8","Roberto","Lim","1-00007","17/01/2026","","","","","None","","Restday"
"9","Maria","Gonzales","1-00008","17/01/2026","","","","","None","","Restday"
"10","James","Villanueva","1-00009","17/01/2026","","","","","None","","Restday"
"11","Patricia","Ng","1-00010","17/01/2026","","","","","None","","Restday"
"2","Franklin","Moris","1-00001","18/01/2026","","","","","None","","Restday"
"3","Gwen Atasha","Lumagbas","1-00002","18/01/2026","","","","","None","","Restday"
"4","Maron","Javier","1-00003","18/01/2026","","","","","None","","Restday"
"5","Elena","Santos","1-00004","18/01/2026","","","","","None","","Restday"
"6","Miguel","Reyes","1-00005","18/01/2026","","","","","None","","Restday"
"7","Ana","Cruz","1-00006","18/01/2026","","","","","None","","Restday"
"8","Roberto","Lim","1-00007","18/01/2026","","","","","None","","Restday"
"9","Maria","Gonzales","1-00008","18/01/2026","","","","","None","","Restday"
"10","James","Villanueva","1-00009","18/01/2026","","","","","None","","Restday"
"11","Patricia","Ng","1-00010","18/01/2026","","","","","None","","Restday"
"2","Franklin","Moris","1-00001","19/01/2026","08:00","17:00","","","None","","Workday"
"3","Gwen Atasha","Lumagbas","1-00002","19/01/2026","08:00","17:00","","","None","","Workday"
"4","Maron","Javier","1-00003","19/01/2026","13:00","17:00","","","None","","Workday"
"5","Elena","Santos","1-00004","19/01/2026","08:30","17:30","","","None","","Workday"
"6","Miguel","Reyes","1-00005","19/01/2026","08:00","17:00","","","None","","Workday"
"7","Ana","Cruz","1-00006","19/01/2026","","","","","None","","Restday"
"8","Roberto","Lim","1-00007","19/01/2026","08:00","17:00","","","None","","Workday"
"9","Maria","Gonzales","1-00008","19/01/2026","09:00","18:00","","","None","","Workday"
"10","James","Villanueva","1-00009","19/01/2026","13:00","17:00","","","None","","Workday"
"11","Patricia","Ng","1-00010","19/01/2026","08:00","17:00","","","None","","Workday"
"2","Franklin","Moris","1-00001","20/01/2026","08:00","17:00","","","None","","Workday"
"3","Gwen Atasha","Lumagbas","1-00002","20/01/2026","08:00","17:00","","","None","","Workday"
"4","Maron","Javier","1-00003","20/01/2026","","","","","None","","Restday"
"5","Elena","Santos","1-00004","20/01/2026","08:30","17:30","","","None","","Workday"
"6","Miguel","Reyes","1-00005","20/01/2026","08:00","17:00","","","None","","Workday"
"7","Ana","Cruz","1-00006","20/01/2026","13:00","17:00","","","None","","Workday"
"8","Roberto","Lim","1-00007","20/01/2026","08:00","17:00","","","None","","Workday"
"9","Maria","Gonzales","1-00008","20/01/2026","09:00","18:00","","","None","","Workday"
"10","James","Villanueva","1-00009","20/01/2026","","","","","None","","Restday"
"11","Patricia","Ng","1-00010","20/01/2026","08:00","17:00","","","None","","Workday"
"2","Franklin","Moris","1-00001","21/01/2026","08:00","17:00","","","None","","Workday"
"3","Gwen Atasha","Lumagbas","1-00002","21/01/2026","08:00","17:00","","","None","","Workday"
"4","Maron","Javier","1-00003","21/01/2026","13:00","16:40","20","","None","","Workday"
"5","Elena","Santos","1-00004","21/01/2026","08:30","17:30","","","None","","Workday"
"6","Miguel","Reyes","1-00005","21/01/2026","08:00","17:00","","","None","","Workday"
"7","Ana","Cruz","1-00006","21/01/2026","","","","","None","","Restday"
"8","Roberto","Lim","1-00007","21/01/2026","08:00","17:00","","","None","","Workday"
"9","Maria","Gonzales","1-00008","21/01/2026","09:00","18:00","","","None","","Workday"
"10","James","Villanueva","1-00009","21/01/2026","13:00","17:00","","","None","","Workday"
"11","Patricia","Ng","1-00010","21/01/2026","08:00","17:00","","","None","","Workday"
"2","Franklin","Moris","1-00001","22/01/2026","08:00","16:40","20","","None","","Workday"
"3","Gwen Atasha","Lumagbas","1-00002","22/01/2026","08:00","17:00","","","None","","Workday"
"4","Maron","Javier","1-00003","22/01/2026","","","","","None","","Restday"
"5","Elena","Santos","1-00004","22/01/2026","08:30","17:30","","","None","","Workday"
"6","Miguel","Reyes","1-00005","22/01/2026","08:00","17:00","","","None","","Workday"
"7","Ana","Cruz","1-00006","22/01/2026","","","","","SL","","Workday"
"8","Roberto","Lim","1-00007","22/01/2026","08:00","17:00","","","None","","Workday"
"9","Maria","Gonzales","1-00008","22/01/2026","09:00","18:00","","","None","","Workday"
"10","James","Villanueva","1-00009","22/01/2026","","","","","None","","Restday"
"11","Patricia","Ng","1-00010","22/01/2026","08:00","17:00","","","None","","Workday"
"2","Franklin","Moris","1-00001","23/01/2026","08:00","17:00","","","None","","Workday"
"3","Gwen Atasha","Lumagbas","1-00002","23/01/2026","08:00","17:00","","","None","","Workday"
"4","Maron","Javier","1-00003","23/01/2026","13:00","17:00","","","None","","Workday"
"5","Elena","Santos","1-00004","23/01/2026","08:30","17:30","","","None","","Workday"
"6","Miguel","Reyes","1-00005","23/01/2026","08:00","17:00","","","None","","Workday"
"7","Ana","Cruz","1-00006","23/01/2026","","","","","None","","Restday"
"8","Roberto","Lim","1-00007","23/01/2026","08:00","16:40","20","","None","","Workday"
"9","Maria","Gonzales","1-00008","23/01/2026","09:00","18:00","","","None","","Workday"
"10","James","Villanueva","1-00009","23/01/2026","13:00","17:00","","","None","","Workday"
"11","Patricia","Ng","1-00010","23/01/2026","08:00","17:00","","","None","","Workday"
"2","Franklin","Moris","1-00001","24/01/2026","","","","","None","","Restday"
"3","Gwen Atasha","Lumagbas","1-00002","24/01/2026","","","","","None","","Restday"
"4","Maron","Javier","1-00003","24/01/2026","","","","","None","","Restday"
"5","Elena","Santos","1-00004","24/01/2026","","","","","None","","Restday"
"6","Miguel","Reyes","1-00005","24/01/2026","","","","","None","","Restday"
"7","Ana","Cruz","1-00006","24/01/2026","","","","","None","","Restday"
"8","Roberto","Lim","1-00007","24/01/2026","","","","","None","","Restday"
"9","Maria","Gonzales","1-00008","24/01/2026","","","","","None","","Restday"
"10","James","Villanueva","1-00009","24/01/2026","","","","","None","","Restday"
"11","Patricia","Ng","1-00010","24/01/2026","","","","","None","","Restday"
"2","Franklin","Moris","1-00001","25/01/2026","","","","","None","","Restday"
"3","Gwen Atasha","Lumagbas","1-00002","25/01/2026","","","","","None","","Restday"
"4","Maron","Javier","1-00003","25/01/2026","","","","","None","","Restday"
"5","Elena","Santos","1-00004","25/01/2026","","","","","None","","Restday"
"6","Miguel","Reyes","1-00005","25/01/2026","","","","","None","","Restday"
"7","Ana","Cruz","1-00006","25/01/2026","","","","","None","","Restday"
"8","Roberto","Lim","1-00007","25/01/2026","","","","","None","","Restday"
"9","Maria","Gonzales","1-00008","25/01/2026","","","","","None","","Restday"
"10","James","Villanueva","1-00009","25/01/2026","","","","","None","","Restday"
"11","Patricia","Ng","1-00010","25/01/2026","","","","","None","","Restday"
"2","Franklin","Moris","1-00001","26/01/2026","08:00","17:00","","","None","","Workday"
"3","Gwen Atasha","Lumagbas","1-00002","26/01/2026","08:00","17:00","","","None","","Workday"
"4","Maron","Javier","1-00003","26/01/2026","13:00","17:00","","","None","","Workday"
"5","Elena","Santos","1-00004","26/01/2026","08:30","17:30","","","None","","Workday"
"6","Miguel","Reyes","1-00005","26/01/2026","08:00","17:00","","","None","","Workday"
"7","Ana","Cruz","1-00006","26/01/2026","","","","","None","","Restday"
"8","Roberto","Lim","1-00007","26/01/2026","08:00","17:00","","","None","","Workday"
"9","Maria","Gonzales","1-00008","26/01/2026","09:00","18:00","","","None","","Workday"
"10","James","Villanueva","1-00009","26/01/2026","13:00","17:00","","","None","","Workday"
"11","Patricia","Ng","1-00010","26/01/2026","08:00","17:00","","","None","","Workday"
"2","Franklin","Moris","1-00001","27/01/2026","08:00","17:00","","","None","","Workday"
"3","Gwen Atasha","Lumagbas","1-00002","27/01/2026","08:00","17:00","","","None","","Workday"
"4","Maron","Javier","1-00003","27/01/2026","","","","","None","","Restday"
"5","Elena","Santos","1-00004","27/01/2026","08:30","17:30","","","None","","Workday"
"6","Miguel","Reyes","1-00005","27/01/2026","08:00","17:00","","","None","","Workday"
"7","Ana","Cruz","1-00006","27/01/2026","13:00","17:00","","","None","","Workday"
"8","Roberto","Lim","1-00007","27/01/2026","08:00","17:00","","","None","","Workday"
"9","Maria","Gonzales","1-00008","27/01/2026","09:00","18:00","","","None","","Workday"
"10","James","Villanueva","1-00009","27/01/2026","","","","","None","","Restday"
"11","Patricia","Ng","1-00010","27/01/2026","08:00","16:40","20","","None","","Workday"
"2","Franklin","Moris","1-00001","28/01/2026","08:00","17:00","","","None","","Workday"
"3","Gwen Atasha","Lumagbas","1-00002","28/01/2026","08:00","17:00","","","None","","Workday"
"4","Maron","Javier","1-00003","28/01/2026","13:00","17:00","","","None","","Workday"
"5","Elena","Santos","1-00004","28/01/2026","08:30","17:30","","","None","","Workday"
"6","Miguel","Reyes","1-00005","28/01/2026","08:00","17:00","","","None","","Workday"
"7","Ana","Cruz","1-00006","28/01/2026","","","","","None","","Restday"
"8","Roberto","Lim","1-00007","28/01/2026","08:00","17:00","","","None","","Workday"
"9","Maria","Gonzales","1-00008","28/01/2026","09:00","18:00","","","None","","Workday"
"10","James","Villanueva","1-00009","28/01/2026","13:00","17:00","","","None","","Workday"
"11","Patricia","Ng","1-00010","28/01/2026","08:00","17:00","","","None","","Workday"
"2","Franklin","Moris","1-00001","29/01/2026","08:00","17:00","","","None","","Workday"
"3","Gwen Atasha","Lumagbas","1-00002","29/01/2026","08:00","17:00","","","None","","Workday"
"4","Maron","Javier","1-00003","29/01/2026","","","","","None","","Restday"
"5","Elena","Santos","1-00004","29/01/2026","08:30","17:30","","","None","","Workday"
"6","Miguel","Reyes","1-00005","29/01/2026","08:00","17:00","","","None","","Workday"
"7","Ana","Cruz","1-00006","29/01/2026","13:00","17:00","","","None","","Workday"
"8","Roberto","Lim","1-00007","29/01/2026","08:00","17:00","","","None","","Workday"
"9","Maria","Gonzales","1-00008","29/01/2026","09:00","18:00","","","None","","Workday"
"10","James","Villanueva","1-00009","29/01/2026","","","","","None","","Restday"
"11","Patricia","Ng","1-00010","29/01/2026","08:00","17:00","","","None","","Workday"
"2","Franklin","Moris","1-00001","30/01/2026","08:00","17:00","","","None","","Workday"
"3","Gwen Atasha","Lumagbas","1-00002","30/01/2026","08:00","17:00","","","None","","Workday"
"4","Maron","Javier","1-00003","30/01/2026","13:00","17:00","","","None","","Workday"
"5","Elena","Santos","1-00004","30/01/2026","08:30","17:30","","","None","","Workday"
"6","Miguel","Reyes","1-00005","30/01/2026","08:00","17:00","","","None","","Workday"
"7","Ana","Cruz","1-00006","30/01/2026","","","","","None","","Restday"
"8","Roberto","Lim","1-00007","30/01/2026","08:00","17:00","","","None","","Workday"
"9","Maria","Gonzales","1-00008","30/01/2026","09:00","18:00","","","None","","Workday"
"10","James","Villanueva","1-00009","30/01/2026","13:00","17:00","","","None","","Workday"
"11","Patricia","Ng","1-00010","30/01/2026","08:00","17:00","","","None","","Workday"
"2","Franklin","Moris","1-00001","31/01/2026","","","","","None","","Restday"
"3","Gwen Atasha","Lumagbas","1-00002","31/01/2026","","","","","None","","Restday"
"4","Maron","Javier","1-00003","31/01/2026","","","","","None","","Restday"
"5","Elena","Santos","1-00004","31/01/2026","","","","","None","","Restday"
"6","Miguel","Reyes","1-00005","31/01/2026","","","","","None","","Restday"
"7","Ana","Cruz","1-00006","31/01/2026","","","","","None","","Restday"
"8","Roberto","Lim","1-00007","31/01/2026","","","","","None","","Restday"
"9","Maria","Gonzales","1-00008","31/01/2026","","","","","None","","Restday"
"10","James","Villanueva","1-00009","31/01/2026","","","","","None","","Restday"
"11","Patricia","Ng","1-00010","31/01/2026","","","","","None","","Restday"
"2","Franklin","Moris","1-00001","01/02/2026","","","","","None","","Restday"
"3","Gwen Atasha","Lumagbas","1-00002","01/02/2026","","","","","None","","Restday"
"4","Maron","Javier","1-00003","01/02/2026","","","","","None","","Restday"
"5","Elena","Santos","1-00004","01/02/2026","","","","","VL","","Workday"
"6","Miguel","Reyes","1-00005","01/02/2026","","","","","None","","Restday"
"7","Ana","Cruz","1-00006","01/02/2026","","","","","None","","Restday"
"8","Roberto","Lim","1-00007","01/02/2026","","","","","None","","Restday"
"9","Maria","Gonzales","1-00008","01/02/2026","","","","","None","","Restday"
"10","James","Villanueva","1-00009","01/02/2026","","","","","None","","Restday"
"11","Patricia","Ng","1-00010","01/02/2026","","","","","None","","Restday"
"2","Franklin","Moris","1-00001","02/02/2026","08:00","17:00","","","None","","Workday"
"3","Gwen Atasha","Lumagbas","1-00002","02/02/2026","08:00","17:00","","","None","","Workday"
"4","Maron","Javier","1-00003","02/02/2026","13:00","17:00","","","None","","Workday"
"5","Elena","Santos","1-00004","02/02/2026","08:30","17:30","","","None","","Workday"
"6","Miguel","Reyes","1-00005","02/02/2026","08:00","17:00","","","None","","Workday"
"7","Ana","Cruz","1-00006","02/02/2026","","","","","None","","Restday"
"8","Roberto","Lim","1-00007","02/02/2026","08:00","17:00","","","None","","Workday"
"9","Maria","Gonzales","1-00008","02/02/2026","09:00","18:00","","","None","","Workday"
"10","James","Villanueva","1-00009","02/02/2026","13:00","17:00","","","None","","Workday"
"11","Patricia","Ng","1-00010","02/02/2026","08:00","17:00","","","None","","Workday"
"2","Franklin","Moris","1-00001","03/02/2026","08:00","17:00","","","None","","Workday"
"3","Gwen Atasha","Lumagbas","1-00002","03/02/2026","08:00","17:00","","","None","","Workday"
"4","Maron","Javier","1-00003","03/02/2026","","","","","None","","Restday"
"5","Elena","Santos","1-00004","03/02/2026","08:17","17:30","","","None","","Workday"
"6","Miguel","Reyes","1-00005","03/02/2026","08:00","17:00","","","None","","Workday"
"7","Ana","Cruz","1-00006","03/02/2026","13:00","17:00","","","None","","Workday"
"8","Roberto","Lim","1-00007","03/02/2026","08:00","17:00","","","None","","Workday"
"9","Maria","Gonzales","1-00008","03/02/2026","09:00","16:40","20","","None","","Workday"
"10","James","Villanueva","1-00009","03/02/2026","","","","","None","","Restday"
"11","Patricia","Ng","1-00010","03/02/2026","","","","","SL","","Workday"
"2","Franklin","Moris","1-00001","04/02/2026","08:00","17:00","","","None","","Workday"
"3","Gwen Atasha","Lumagbas","1-00002","04/02/2026","08:00","17:00","","","None","","Workday"
"4","Maron","Javier","1-00003","04/02/2026","13:00","17:00","","","None","","Workday"
"5","Elena","Santos","1-00004","04/02/2026","08:30","16:40","20","","None","","Workday"
"6","Miguel","Reyes","1-00005","04/02/2026","08:00","17:00","","","None","","Workday"
"7","Ana","Cruz","1-00006","04/02/2026","","","","","None","","Restday"
"8","Roberto","Lim","1-00007","04/02/2026","08:00","17:00","","","None","","Workday"
"9","Maria","Gonzales","1-00008","04/02/2026","09:22","18:00","","","None","","Workday"
"10","James","Villanueva","1-00009","04/02/2026","13:00","17:00","","","None","","Workday"
"11","Patricia","Ng","1-00010","04/02/2026","08:00","17:00","","","None","","Workday"
"2","Franklin","Moris","1-00001","05/02/2026","08:17","17:00","","","None","","Workday"
"3","Gwen Atasha","Lumagbas","1-00002","05/02/2026","08:00","17:00","","","None","","Workday"
"4","Maron","Javier","1-00003","05/02/2026","","","","","None","","Restday"
"5","Elena","Santos","1-00004","05/02/2026","08:30","19:00","","1.5","None","","Workday"
"6","Miguel","Reyes","1-00005","05/02/2026","08:00","17:00","","","None","","Workday"
"7","Ana","Cruz","1-00006","05/02/2026","13:00","17:00","","","None","","Workday"
"8","Roberto","Lim","1-00007","05/02/2026","08:00","17:00","","","None","","Workday"
"9","Maria","Gonzales","1-00008","05/02/2026","09:00","18:00","","","None","","Workday"
"10","James","Villanueva","1-00009","05/02/2026","","","","","None","","Restday"
"11","Patricia","Ng","1-00010","05/02/2026","08:17","17:00","","","None","","Workday"
"2","Franklin","Moris","1-00001","06/02/2026","08:00","17:00","","","None","","Workday"
"3","Gwen Atasha","Lumagbas","1-00002","06/02/2026","08:00","17:00","","","None","","Workday"
"4","Maron","Javier","1-00003","06/02/2026","13:00","17:00","","","None","","Workday"
"5","Elena","Santos","1-00004","06/02/2026","08:30","17:30","","","None","","Workday"
"6","Miguel","Reyes","1-00005","06/02/2026","08:00","17:00","","","None","","Workday"
"7","Ana","Cruz","1-00006","06/02/2026","","","","","None","","Restday"
"8","Roberto","Lim","1-00007","06/02/2026","08:00","17:00","","","None","","Workday"
"9","Maria","Gonzales","1-00008","06/02/2026","09:22","18:00","","","None","","Workday"
"10","James","Villanueva","1-00009","06/02/2026","13:00","17:00","","","None","","Workday"
"11","Patricia","Ng","1-00010","06/02/2026","08:00","17:00","","","None","","Workday"
"2","Franklin","Moris","1-00001","07/02/2026","","","","","None","","Restday"
"3","Gwen Atasha","Lumagbas","1-00002","07/02/2026","","","","","None","","Restday"
"4","Maron","Javier","1-00003","07/02/2026","","","","","None","","Restday"
"5","Elena","Santos","1-00004","07/02/2026","","","","","None","","Restday"
"6","Miguel","Reyes","1-00005","07/02/2026","","","","","None","","Restday"
"7","Ana","Cruz","1-00006","07/02/2026","","","","","None","","Restday"
"8","Roberto","Lim","1-00007","07/02/2026","","","","","None","","Restday"
"9","Maria","Gonzales","1-00008","07/02/2026","","","","","None","","Restday"
"10","James","Villanueva","1-00009","07/02/2026","","","","","None","","Restday"
"11","Patricia","Ng","1-00010","07/02/2026","","","","","None","","Restday"
"2","Franklin","Moris","1-00001","08/02/2026","","","","","None","","Restday"
"3","Gwen Atasha","Lumagbas","1-00002","08/02/2026","","","","","None","","Restday"
"4","Maron","Javier","1-00003","08/02/2026","","","","","None","","Restday"
"5","Elena","Santos","1-00004","08/02/2026","","","","","None","","Restday"
"6","Miguel","Reyes","1-00005","08/02/2026","","","","","None","","Restday"
"7","Ana","Cruz","1-00006","08/02/2026","","","","","None","","Restday"
"8","Roberto","Lim","1-00007","08/02/2026","","","","","None","","Restday"
"9","Maria","Gonzales","1-00008","08/02/2026","","","","","None","","Restday"
"10","James","Villanueva","1-00009","08/02/2026","","","","","None","","Restday"
"11","Patricia","Ng","1-00010","08/02/2026","","","","","None","","Restday"
"2","Franklin","Moris","1-00001","09/02/2026","08:00","17:00","","","None","","Workday"
"3","Gwen Atasha","Lumagbas","1-00002","09/02/2026","08:00","17:00","","","None","","Workday"
"4","Maron","Javier","1-00003","09/02/2026","13:00","17:00","","","None","","Workday"
"5","Elena","Santos","1-00004","09/02/2026","08:30","17:30","","","None","","Workday"
"6","Miguel","Reyes","1-00005","09/02/2026","08:00","17:00","","","None","","Workday"
"7","Ana","Cruz","1-00006","09/02/2026","","","","","None","","Restday"
"8","Roberto","Lim","1-00007","09/02/2026","08:00","17:00","","","None","","Workday"
"9","Maria","Gonzales","1-00008","09/02/2026","09:00","18:00","","","None","","Workday"
"10","James","Villanueva","1-00009","09/02/2026","13:00","17:00","","","None","","Workday"
"11","Patricia","Ng","1-00010","09/02/2026","08:00","17:00","","","None","","Workday"
"2","Franklin","Moris","1-00001","10/02/2026","08:00","17:00","","","None","","Workday"
"3","Gwen Atasha","Lumagbas","1-00002","10/02/2026","08:00","17:00","","","None","","Workday"
"4","Maron","Javier","1-00003","10/02/2026","","","","","None","","Restday"
"5","Elena","Santos","1-00004","10/02/2026","08:30","17:30","","","None","","Workday"
"6","Miguel","Reyes","1-00005","10/02/2026","","","","","VL","","Workday"
"7","Ana","Cruz","1-00006","10/02/2026","13:00","17:00","","","None","","Workday"
"8","Roberto","Lim","1-00007","10/02/2026","09:00","12:00","","","None","OB","Workday"
"9","Maria","Gonzales","1-00008","10/02/2026","09:00","18:00","","","None","","Workday"
"10","James","Villanueva","1-00009","10/02/2026","","","","","None","","Restday"
"11","Patricia","Ng","1-00010","10/02/2026","08:00","17:00","","","None","","Workday"
"2","Franklin","Moris","1-00001","11/02/2026","08:17","17:00","","","None","","Workday"
"3","Gwen Atasha","Lumagbas","1-00002","11/02/2026","08:00","17:00","","","None","","Workday"
"4","Maron","Javier","1-00003","11/02/2026","13:00","17:00","","","None","","Workday"
"5","Elena","Santos","1-00004","11/02/2026","08:30","17:30","","","None","","Workday"
"6","Miguel","Reyes","1-00005","11/02/2026","","","","","VL","","Workday"
"7","Ana","Cruz","1-00006","11/02/2026","","","","","None","","Restday"
"8","Roberto","Lim","1-00007","11/02/2026","08:00","17:00","","","None","","Workday"
"9","Maria","Gonzales","1-00008","11/02/2026","09:00","18:00","","","None","","Workday"
"10","James","Villanueva","1-00009","11/02/2026","13:00","17:00","","","None","","Workday"
"11","Patricia","Ng","1-00010","11/02/2026","08:00","17:00","","","None","","Workday"
"2","Franklin","Moris","1-00001","12/02/2026","08:00","17:00","","","None","","Workday"
"3","Gwen Atasha","Lumagbas","1-00002","12/02/2026","08:00","17:00","","","None","","Workday"
"4","Maron","Javier","1-00003","12/02/2026","","","","","None","","Restday"
"5","Elena","Santos","1-00004","12/02/2026","08:30","17:30","","","None","","Workday"
"6","Miguel","Reyes","1-00005","12/02/2026","08:00","17:00","","","None","","Workday"
"7","Ana","Cruz","1-00006","12/02/2026","13:00","17:00","","","None","","Workday"
"8","Roberto","Lim","1-00007","12/02/2026","08:00","17:00","","","None","","Workday"
"9","Maria","Gonzales","1-00008","12/02/2026","09:00","18:00","","","None","","Workday"
"10","James","Villanueva","1-00009","12/02/2026","","","","","None","","Restday"
"11","Patricia","Ng","1-00010","12/02/2026","08:00","17:00","","","None","","Workday"
"2","Franklin","Moris","1-00001","13/02/2026","08:00","17:00","","","None","","Workday"
"3","Gwen Atasha","Lumagbas","1-00002","13/02/2026","08:17","17:00","","","None","","Workday"
"4","Maron","Javier","1-00003","13/02/2026","13:00","17:00","","","None","","Workday"
"5","Elena","Santos","1-00004","13/02/2026","08:30","17:30","","","None","","Workday"
"6","Miguel","Reyes","1-00005","13/02/2026","08:00","17:00","","","None","","Workday"
"7","Ana","Cruz","1-00006","13/02/2026","","","","","None","","Restday"
"8","Roberto","Lim","1-00007","13/02/2026","08:00","17:00","","","None","","Workday"
"9","Maria","Gonzales","1-00008","13/02/2026","09:22","18:00","","","None","","Workday"
"10","James","Villanueva","1-00009","13/02/2026","13:00","16:40","20","","None","","Workday"
"11","Patricia","Ng","1-00010","13/02/2026","08:00","17:00","","","None","","Workday"
"2","Franklin","Moris","1-00001","14/02/2026","","","","","None","","Restday"
"3","Gwen Atasha","Lumagbas","1-00002","14/02/2026","","","","","None","","Restday"
"4","Maron","Javier","1-00003","14/02/2026","","","","","None","","Restday"
"5","Elena","Santos","1-00004","14/02/2026","","","","","None","","Restday"
"6","Miguel","Reyes","1-00005","14/02/2026","","","","","None","","Restday"
"7","Ana","Cruz","1-00006","14/02/2026","","","","","None","","Restday"
"8","Roberto","Lim","1-00007","14/02/2026","","","","","None","","Restday"
"9","Maria","Gonzales","1-00008","14/02/2026","","","","","None","","Restday"
"10","James","Villanueva","1-00009","14/02/2026","","","","","None","","Restday"
"11","Patricia","Ng","1-00010","14/02/2026","","","","","None","","Restday"
"2","Franklin","Moris","1-00001","15/02/2026","","","","","None","","Restday"
"3","Gwen Atasha","Lumagbas","1-00002","15/02/2026","","","","","None","","Restday"
"4","Maron","Javier","1-00003","15/02/2026","","","","","None","","Restday"
"5","Elena","Santos","1-00004","15/02/2026","","","","","None","","Restday"
"6","Miguel","Reyes","1-00005","15/02/2026","","","","","None","","Restday"
"7","Ana","Cruz","1-00006","15/02/2026","","","","","None","","Restday"
"8","Roberto","Lim","1-00007","15/02/2026","","","","","None","","Restday"
"9","Maria","Gonzales","1-00008","15/02/2026","","","","","None","","Restday"
"10","James","Villanueva","1-00009","15/02/2026","","","","","None","","Restday"
"11","Patricia","Ng","1-00010","15/02/2026","","","","","None","","Restday"
"2","Franklin","Moris","1-00001","16/02/2026","08:00","17:00","","","None","","Workday"
"3","Gwen Atasha","Lumagbas","1-00002","16/02/2026","08:00","17:00","","","None","","Workday"
"4","Maron","Javier","1-00003","16/02/2026","13:00","17:00","","","None","","Workday"
"5","Elena","Santos","1-00004","16/02/2026","08:30","17:30","","","None","","Workday"
"6","Miguel","Reyes","1-00005","16/02/2026","08:00","17:00","","","None","","Workday"
"7","Ana","Cruz","1-00006","16/02/2026","","","","","None","","Restday"
"8","Roberto","Lim","1-00007","16/02/2026","08:00","17:00","","","None","","Workday"
"9","Maria","Gonzales","1-00008","16/02/2026","09:00","18:00","","","None","","Workday"
"10","James","Villanueva","1-00009","16/02/2026","13:12","17:00","","","None","","Workday"
"11","Patricia","Ng","1-00010","16/02/2026","08:00","16:40","20","","None","","Workday"
"2","Franklin","Moris","1-00001","17/02/2026","08:00","17:00","","","None","","Workday"
"3","Gwen Atasha","Lumagbas","1-00002","17/02/2026","08:00","17:00","","","None","","Workday"
"4","Maron","Javier","1-00003","17/02/2026","","","","","None","","Restday"
"5","Elena","Santos","1-00004","17/02/2026","08:30","17:30","","","None","","Workday"
"6","Miguel","Reyes","1-00005","17/02/2026","08:00","17:00","","","None","","Workday"
"7","Ana","Cruz","1-00006","17/02/2026","13:00","16:40","20","","None","","Workday"
"8","Roberto","Lim","1-00007","17/02/2026","08:00","17:00","","","None","","Workday"
"9","Maria","Gonzales","1-00008","17/02/2026","09:00","18:00","","","None","","Workday"
"10","James","Villanueva","1-00009","17/02/2026","","","","","None","","Restday"
"11","Patricia","Ng","1-00010","17/02/2026","08:00","17:00","","","None","","Workday"
"2","Franklin","Moris","1-00001","18/02/2026","08:00","17:00","","","None","","Workday"
"3","Gwen Atasha","Lumagbas","1-00002","18/02/2026","08:00","19:00","","2","None","","Workday"
"4","Maron","Javier","1-00003","18/02/2026","13:00","17:00","","","None","","Workday"
"5","Elena","Santos","1-00004","18/02/2026","08:30","17:30","","","None","","Workday"
"6","Miguel","Reyes","1-00005","18/02/2026","08:00","17:00","","","None","","Workday"
"7","Ana","Cruz","1-00006","18/02/2026","","","","","None","","Restday"
"8","Roberto","Lim","1-00007","18/02/2026","08:00","17:00","","","None","","Workday"
"9","Maria","Gonzales","1-00008","18/02/2026","09:00","18:00","","","None","","Workday"
"10","James","Villanueva","1-00009","18/02/2026","13:00","17:00","","","None","","Workday"
"11","Patricia","Ng","1-00010","18/02/2026","08:00","17:00","","","None","","Workday"
"2","Franklin","Moris","1-00001","19/02/2026","08:00","17:00","","","None","","Workday"
"3","Gwen Atasha","Lumagbas","1-00002","19/02/2026","08:00","17:00","","","None","","Workday"
"4","Maron","Javier","1-00003","19/02/2026","","","","","None","","Restday"
"5","Elena","Santos","1-00004","19/02/2026","08:30","17:30","","","None","","Workday"
"6","Miguel","Reyes","1-00005","19/02/2026","08:00","17:00","","","None","","Workday"
"7","Ana","Cruz","1-00006","19/02/2026","13:00","17:00","","","None","","Workday"
"8","Roberto","Lim","1-00007","19/02/2026","08:00","17:00","","","None","","Workday"
"9","Maria","Gonzales","1-00008","19/02/2026","09:00","18:00","","","None","","Workday"
"10","James","Villanueva","1-00009","19/02/2026","","","","","None","","Restday"
"11","Patricia","Ng","1-00010","19/02/2026","08:00","17:00","","","None","","Workday"
"2","Franklin","Moris","1-00001","20/02/2026","08:00","17:00","","","None","","Workday"
"3","Gwen Atasha","Lumagbas","1-00002","20/02/2026","08:00","17:00","","","None","","Workday"
"4","Maron","Javier","1-00003","20/02/2026","13:00","17:00","","","None","","Workday"
"5","Elena","Santos","1-00004","20/02/2026","08:30","17:30","","","None","","Workday"
"6","Miguel","Reyes","1-00005","20/02/2026","08:00","17:00","","","None","","Workday"
"7","Ana","Cruz","1-00006","20/02/2026","","","","","None","","Restday"
"8","Roberto","Lim","1-00007","20/02/2026","08:00","17:00","","","None","","Workday"
"9","Maria","Gonzales","1-00008","20/02/2026","09:00","18:00","","","None","","Workday"
"10","James","Villanueva","1-00009","20/02/2026","13:00","17:00","","","None","","Workday"
"11","Patricia","Ng","1-00010","20/02/2026","08:00","17:00","","","None","","Workday"
"2","Franklin","Moris","1-00001","21/02/2026","","","","","None","","Restday"
"3","Gwen Atasha","Lumagbas","1-00002","21/02/2026","","","","","None","","Restday"
"4","Maron","Javier","1-00003","21/02/2026","","","","","None","","Restday"
"5","Elena","Santos","1-00004","21/02/2026","","","","","None","","Restday"
"6","Miguel","Reyes","1-00005","21/02/2026","","","","","None","","Restday"
"7","Ana","Cruz","1-00006","21/02/2026","","","","","None","","Restday"
"8","Roberto","Lim","1-00007","21/02/2026","","","","","None","","Restday"
"9","Maria","Gonzales","1-00008","21/02/2026","","","","","None","","Restday"
"10","James","Villanueva","1-00009","21/02/2026","","","","","None","","Restday"
"11","Patricia","Ng","1-00010","21/02/2026","","","","","None","","Restday"
"2","Franklin","Moris","1-00001","22/02/2026","","","","","None","","Restday"
"3","Gwen Atasha","Lumagbas","1-00002","22/02/2026","","","","","None","","Restday"
"4","Maron","Javier","1-00003","22/02/2026","","","","","None","","Restday"
"5","Elena","Santos","1-00004","22/02/2026","","","","","None","","Restday"
"6","Miguel","Reyes","1-00005","22/02/2026","","","","","None","","Restday"
"7","Ana","Cruz","1-00006","22/02/2026","","","","","None","","Restday"
"8","Roberto","Lim","1-00007","22/02/2026","","","","","None","","Restday"
"9","Maria","Gonzales","1-00008","22/02/2026","","","","","None","","Restday"
"10","James","Villanueva","1-00009","22/02/2026","","","","","None","","Restday"
"11","Patricia","Ng","1-00010","22/02/2026","","","","","None","","Restday"
"2","Franklin","Moris","1-00001","23/02/2026","08:00","17:00","","","None","","Workday"
"3","Gwen Atasha","Lumagbas","1-00002","23/02/2026","08:17","17:00","","","None","","Workday"
"4","Maron","Javier","1-00003","23/02/2026","13:00","17:00","","","None","","Workday"
"5","Elena","Santos","1-00004","23/02/2026","08:30","16:40","20","","None","","Workday"
"6","Miguel","Reyes","1-00005","23/02/2026","08:00","17:00","","","None","","Workday"
"7","Ana","Cruz","1-00006","23/02/2026","","","","","None","","Restday"
"8","Roberto","Lim","1-00007","23/02/2026","08:00","17:00","","","None","","Workday"
"9","Maria","Gonzales","1-00008","23/02/2026","09:00","18:00","","","None","","Workday"
"10","James","Villanueva","1-00009","23/02/2026","13:12","17:00","","","None","","Workday"
"11","Patricia","Ng","1-00010","23/02/2026","08:00","17:00","","","None","","Workday"
"2","Franklin","Moris","1-00001","24/02/2026","08:00","17:00","","","None","","Workday"
"3","Gwen Atasha","Lumagbas","1-00002","24/02/2026","08:00","17:00","","","None","","Workday"
"4","Maron","Javier","1-00003","24/02/2026","","","","","None","","Restday"
"5","Elena","Santos","1-00004","24/02/2026","08:30","17:30","","","None","","Workday"
"6","Miguel","Reyes","1-00005","24/02/2026","08:00","17:00","","","None","","Workday"
"7","Ana","Cruz","1-00006","24/02/2026","13:00","17:00","","","None","","Workday"
"8","Roberto","Lim","1-00007","24/02/2026","08:00","17:00","","","None","","Workday"
"9","Maria","Gonzales","1-00008","24/02/2026","09:00","18:00","","","None","","Workday"
"10","James","Villanueva","1-00009","24/02/2026","","","","","None","","Restday"
"11","Patricia","Ng","1-00010","24/02/2026","08:00","17:00","","","None","","Workday"
"2","Franklin","Moris","1-00001","25/02/2026","08:00","17:00","","","None","","Workday"
"3","Gwen Atasha","Lumagbas","1-00002","25/02/2026","08:00","17:00","","","None","","Workday"
"4","Maron","Javier","1-00003","25/02/2026","13:00","17:00","","","None","","Workday"
"5","Elena","Santos","1-00004","25/02/2026","08:30","17:30","","","None","","Workday"
"6","Miguel","Reyes","1-00005","25/02/2026","08:00","17:00","","","None","","Workday"
"7","Ana","Cruz","1-00006","25/02/2026","","","","","None","","Restday"
"8","Roberto","Lim","1-00007","25/02/2026","08:00","17:00","","","None","","Workday"
"9","Maria","Gonzales","1-00008","25/02/2026","09:00","18:00","","","None","","Workday"
"10","James","Villanueva","1-00009","25/02/2026","13:00","17:00","","","None","","Workday"
"11","Patricia","Ng","1-00010","25/02/2026","08:00","17:00","","","None","","Workday"
"2","Franklin","Moris","1-00001","26/02/2026","08:00","17:00","","","None","","Workday"
"3","Gwen Atasha","Lumagbas","1-00002","26/02/2026","08:00","17:00","","","None","","Workday"
"4","Maron","Javier","1-00003","26/02/2026","","","","","None","","Restday"
"5","Elena","Santos","1-00004","26/02/2026","08:30","17:30","","","None","","Workday"
"6","Miguel","Reyes","1-00005","26/02/2026","08:00","17:00","","","None","","Workday"
"7","Ana","Cruz","1-00006","26/02/2026","13:00","17:00","","","None","","Workday"
"8","Roberto","Lim","1-00007","26/02/2026","08:00","17:00","","","None","","Workday"
"9","Maria","Gonzales","1-00008","26/02/2026","09:00","18:00","","","None","","Workday"
"10","James","Villanueva","1-00009","26/02/2026","","","","","None","","Restday"
"11","Patricia","Ng","1-00010","26/02/2026","08:00","17:00","","","None","","Workday"
"2","Franklin","Moris","1-00001","27/02/2026","08:00","17:00","","","None","","Workday"
"3","Gwen Atasha","Lumagbas","1-00002","27/02/2026","08:00","17:00","","","None","","Workday"
"4","Maron","Javier","1-00003","27/02/2026","13:00","17:00","","","None","","Workday"
"5","Elena","Santos","1-00004","27/02/2026","08:30","17:30","","","None","","Workday"
"6","Miguel","Reyes","1-00005","27/02/2026","08:00","17:00","","","None","","Workday"
"7","Ana","Cruz","1-00006","27/02/2026","","","","","None","","Restday"
"8","Roberto","Lim","1-00007","27/02/2026","08:00","17:00","","","None","","Workday"
"9","Maria","Gonzales","1-00008","27/02/2026","09:00","18:00","","","None","","Workday"
"10","James","Villanueva","1-00009","27/02/2026","13:00","17:00","","","None","","Workday"
"11","Patricia","Ng","1-00010","27/02/2026","08:00","17:00","","","None","","Workday"
"2","Franklin","Moris","1-00001","28/02/2026","","","","","None","","Restday"
"3","Gwen Atasha","Lumagbas","1-00002","28/02/2026","","","","","None","","Restday"
"4","Maron","Javier","1-00003","28/02/2026","","","","","None","","Restday"
"5","Elena","Santos","1-00004","28/02/2026","","","","","None","","Restday"
"6","Miguel","Reyes","1-00005","28/02/2026","","","","","None","","Restday"
"7","Ana","Cruz","1-00006","28/02/2026","","","","","None","","Restday"
"8","Roberto","Lim","1-00007","28/02/2026","","","","","None","","Restday"
"9","Maria","Gonzales","1-00008","28/02/2026","","","","","None","","Restday"
"10","James","Villanueva","1-00009","28/02/2026","","","","","None","","Restday"
"11","Patricia","Ng","1-00010","28/02/2026","","","","","None","","Restday"
"2","Franklin","Moris","1-00001","01/03/2026","","","","","None","","Restday"
"3","Gwen Atasha","Lumagbas","1-00002","01/03/2026","","","","","None","","Restday"
"4","Maron","Javier","1-00003","01/03/2026","","","","","None","","Restday"
"5","Elena","Santos","1-00004","01/03/2026","","","","","None","","Restday"
"6","Miguel","Reyes","1-00005","01/03/2026","","","","","None","","Restday"
"7","Ana","Cruz","1-00006","01/03/2026","","","","","None","","Restday"
"8","Roberto","Lim","1-00007","01/03/2026","","","","","None","","Restday"
"9","Maria","Gonzales","1-00008","01/03/2026","","","","","None","","Restday"
"10","James","Villanueva","1-00009","01/03/2026","","","","","None","","Restday"
"11","Patricia","Ng","1-00010","01/03/2026","","","","","None","","Restday"
"2","Franklin","Moris","1-00001","02/03/2026","08:00","17:00","","","None","","Workday"
"3","Gwen Atasha","Lumagbas","1-00002","02/03/2026","08:00","17:00","","","None","","Workday"
"4","Maron","Javier","1-00003","02/03/2026","13:00","17:00","","","None","","Workday"
"5","Elena","Santos","1-00004","02/03/2026","08:30","17:30","","","None","","Workday"
"6","Miguel","Reyes","1-00005","02/03/2026","08:00","17:00","","","None","","Workday"
"7","Ana","Cruz","1-00006","02/03/2026","","","","","None","","Restday"
"8","Roberto","Lim","1-00007","02/03/2026","08:00","17:00","","","None","","Workday"
"9","Maria","Gonzales","1-00008","02/03/2026","09:00","18:00","","","None","","Workday"
"10","James","Villanueva","1-00009","02/03/2026","13:00","17:00","","","None","","Workday"
"11","Patricia","Ng","1-00010","02/03/2026","08:00","17:00","","","None","","Workday"
"2","Franklin","Moris","1-00001","03/03/2026","08:00","17:00","","","None","","Workday"
"3","Gwen Atasha","Lumagbas","1-00002","03/03/2026","08:00","17:00","","","None","","Workday"
"4","Maron","Javier","1-00003","03/03/2026","","","","","None","","Restday"
"5","Elena","Santos","1-00004","03/03/2026","08:30","17:30","","","None","","Workday"
"6","Miguel","Reyes","1-00005","03/03/2026","13:00","17:00","","","None","OB","Workday"
"7","Ana","Cruz","1-00006","03/03/2026","13:00","17:00","","","None","","Workday"
"8","Roberto","Lim","1-00007","03/03/2026","08:00","17:00","","","None","","Workday"
"9","Maria","Gonzales","1-00008","03/03/2026","09:00","18:00","","","None","","Workday"
"10","James","Villanueva","1-00009","03/03/2026","","","","","None","","Restday"
"11","Patricia","Ng","1-00010","03/03/2026","08:00","17:00","","","None","","Workday"
"2","Franklin","Moris","1-00001","04/03/2026","08:00","17:00","","","None","","Workday"
"3","Gwen Atasha","Lumagbas","1-00002","04/03/2026","08:00","17:00","","","None","","Workday"
"4","Maron","Javier","1-00003","04/03/2026","13:00","17:00","","","None","","Workday"
"5","Elena","Santos","1-00004","04/03/2026","08:30","17:30","","","None","","Workday"
"6","Miguel","Reyes","1-00005","04/03/2026","08:00","17:00","","","None","","Workday"
"7","Ana","Cruz","1-00006","04/03/2026","","","","","None","","Restday"
"8","Roberto","Lim","1-00007","04/03/2026","08:00","17:00","","","None","","Workday"
"9","Maria","Gonzales","1-00008","04/03/2026","09:00","18:00","","","None","","Workday"
"10","James","Villanueva","1-00009","04/03/2026","13:00","17:00","","","None","","Workday"
"11","Patricia","Ng","1-00010","04/03/2026","08:00","17:00","","","None","","Workday"
"2","Franklin","Moris","1-00001","05/03/2026","08:00","17:00","","","None","","Workday"
"3","Gwen Atasha","Lumagbas","1-00002","05/03/2026","08:00","17:00","","","None","","Workday"
"4","Maron","Javier","1-00003","05/03/2026","","","","","None","","Restday"
"5","Elena","Santos","1-00004","05/03/2026","08:30","17:30","","","None","","Workday"
"6","Miguel","Reyes","1-00005","05/03/2026","08:00","17:00","","","None","","Workday"
"7","Ana","Cruz","1-00006","05/03/2026","13:00","17:00","","","None","","Workday"
"8","Roberto","Lim","1-00007","05/03/2026","08:00","17:00","","","None","","Workday"
"9","Maria","Gonzales","1-00008","05/03/2026","09:00","18:00","","","None","","Workday"
"10","James","Villanueva","1-00009","05/03/2026","","","","","None","","Restday"
"11","Patricia","Ng","1-00010","05/03/2026","08:00","17:00","","","None","","Workday"
"2","Franklin","Moris","1-00001","06/03/2026","08:00","17:00","","","None","","Workday"
"3","Gwen Atasha","Lumagbas","1-00002","06/03/2026","08:00","17:00","","","None","","Workday"
"4","Maron","Javier","1-00003","06/03/2026","13:00","17:00","","","None","","Workday"
"5","Elena","Santos","1-00004","06/03/2026","08:30","17:30","","","None","","Workday"
"6","Miguel","Reyes","1-00005","06/03/2026","08:00","17:00","","","None","","Workday"
"7","Ana","Cruz","1-00006","06/03/2026","","","","","None","","Restday"
"8","Roberto","Lim","1-00007","06/03/2026","08:00","17:00","","","None","","Workday"
"9","Maria","Gonzales","1-00008","06/03/2026","09:00","18:00","","","None","","Workday"
"10","James","Villanueva","1-00009","06/03/2026","13:00","17:00","","","None","","Workday"
"11","Patricia","Ng","1-00010","06/03/2026","08:00","17:00","","","None","","Workday"
"2","Franklin","Moris","1-00001","07/03/2026","","","","","None","","Restday"
"3","Gwen Atasha","Lumagbas","1-00002","07/03/2026","","","","","None","","Restday"
"4","Maron","Javier","1-00003","07/03/2026","","","","","None","","Restday"
"5","Elena","Santos","1-00004","07/03/2026","","","","","None","","Restday"
"6","Miguel","Reyes","1-00005","07/03/2026","","","","","None","","Restday"
"7","Ana","Cruz","1-00006","07/03/2026","","","","","None","","Restday"
"8","Roberto","Lim","1-00007","07/03/2026","","","","","None","","Restday"
"9","Maria","Gonzales","1-00008","07/03/2026","","","","","None","","Restday"
"10","James","Villanueva","1-00009","07/03/2026","","","","","None","","Restday"
"11","Patricia","Ng","1-00010","07/03/2026","","","","","None","","Restday"
"2","Franklin","Moris","1-00001","08/03/2026","","","","","None","","Restday"
"3","Gwen Atasha","Lumagbas","1-00002","08/03/2026","","","","","None","","Restday"
"4","Maron","Javier","1-00003","08/03/2026","","","","","None","","Restday"
"5","Elena","Santos","1-00004","08/03/2026","","","","","None","","Restday"
"6","Miguel","Reyes","1-00005","08/03/2026","","","","","None","","Restday"
"7","Ana","Cruz","1-00006","08/03/2026","","","","","None","","Restday"
"8","Roberto","Lim","1-00007","08/03/2026","","","","","None","","Restday"
"9","Maria","Gonzales","1-00008","08/03/2026","","","","","None","","Restday"
"10","James","Villanueva","1-00009","08/03/2026","","","","","None","","Restday"
"11","Patricia","Ng","1-00010","08/03/2026","","","","","None","","Restday"
"2","Franklin","Moris","1-00001","09/03/2026","08:00","17:00","","","None","","Workday"
"3","Gwen Atasha","Lumagbas","1-00002","09/03/2026","08:00","17:00","","","None","","Workday"
"4","Maron","Javier","1-00003","09/03/2026","13:00","17:00","","","None","","Workday"
"5","Elena","Santos","1-00004","09/03/2026","08:30","17:30","","","None","","Workday"
"6","Miguel","Reyes","1-00005","09/03/2026","08:00","17:00","","","None","","Workday"
"7","Ana","Cruz","1-00006","09/03/2026","","","","","None","","Restday"
"8","Roberto","Lim","1-00007","09/03/2026","08:00","17:00","","","None","","Workday"
"9","Maria","Gonzales","1-00008","09/03/2026","09:00","18:00","","","None","","Workday"
"10","James","Villanueva","1-00009","09/03/2026","13:00","17:00","","","None","","Workday"
"11","Patricia","Ng","1-00010","09/03/2026","08:00","17:00","","","None","","Workday"
"2","Franklin","Moris","1-00001","10/03/2026","08:00","18:30","","1.5","None","","Workday"
"3","Gwen Atasha","Lumagbas","1-00002","10/03/2026","08:00","17:00","","","None","","Workday"
"4","Maron","Javier","1-00003","10/03/2026","","","","","None","","Restday"
"5","Elena","Santos","1-00004","10/03/2026","08:30","17:30","","","None","","Workday"
"6","Miguel","Reyes","1-00005","10/03/2026","08:00","17:00","","","None","","Workday"
"7","Ana","Cruz","1-00006","10/03/2026","13:12","17:00","","","None","","Workday"
"8","Roberto","Lim","1-00007","10/03/2026","08:17","17:00","","","None","","Workday"
"9","Maria","Gonzales","1-00008","10/03/2026","09:00","18:00","","","None","","Workday"
"10","James","Villanueva","1-00009","10/03/2026","","","","","None","","Restday"
"11","Patricia","Ng","1-00010","10/03/2026","08:00","17:00","","","None","","Workday"
"2","Franklin","Moris","1-00001","11/03/2026","08:00","17:00","","","None","","Workday"
"3","Gwen Atasha","Lumagbas","1-00002","11/03/2026","08:00","17:00","","","None","","Workday"
"4","Maron","Javier","1-00003","11/03/2026","13:00","17:00","","","None","","Workday"
"5","Elena","Santos","1-00004","11/03/2026","08:30","17:30","","","None","","Workday"
"6","Miguel","Reyes","1-00005","11/03/2026","08:00","17:00","","","None","","Workday"
"7","Ana","Cruz","1-00006","11/03/2026","","","","","None","","Restday"
"8","Roberto","Lim","1-00007","11/03/2026","08:00","17:00","","","None","","Workday"
"9","Maria","Gonzales","1-00008","11/03/2026","09:00","18:00","","","None","","Workday"
"10","James","Villanueva","1-00009","11/03/2026","13:00","17:00","","","None","","Workday"
"11","Patricia","Ng","1-00010","11/03/2026","08:00","17:00","","","None","","Workday"
"2","Franklin","Moris","1-00001","12/03/2026","08:00","17:00","","","None","","Workday"
"3","Gwen Atasha","Lumagbas","1-00002","12/03/2026","08:00","17:00","","","None","","Workday"
"4","Maron","Javier","1-00003","12/03/2026","","","","","None","","Restday"
"5","Elena","Santos","1-00004","12/03/2026","08:30","17:30","","","None","","Workday"
"6","Miguel","Reyes","1-00005","12/03/2026","08:00","17:00","","","None","","Workday"
"7","Ana","Cruz","1-00006","12/03/2026","13:00","17:00","","","None","","Workday"
"8","Roberto","Lim","1-00007","12/03/2026","08:00","17:00","","","None","","Workday"
"9","Maria","Gonzales","1-00008","12/03/2026","09:00","18:00","","","None","","Workday"
"10","James","Villanueva","1-00009","12/03/2026","","","","","None","","Restday"
"11","Patricia","Ng","1-00010","12/03/2026","08:00","17:00","","","None","","Workday"
"2","Franklin","Moris","1-00001","13/03/2026","08:17","17:00","","","None","","Workday"
"3","Gwen Atasha","Lumagbas","1-00002","13/03/2026","08:00","17:00","","","None","","Workday"
"4","Maron","Javier","1-00003","13/03/2026","13:00","17:00","","","None","","Workday"
"5","Elena","Santos","1-00004","13/03/2026","08:30","17:30","","","None","","Workday"
"6","Miguel","Reyes","1-00005","13/03/2026","08:00","17:00","","","None","","Workday"
"7","Ana","Cruz","1-00006","13/03/2026","","","","","None","","Restday"
"8","Roberto","Lim","1-00007","13/03/2026","08:00","17:00","","","None","","Workday"
"9","Maria","Gonzales","1-00008","13/03/2026","09:00","18:00","","","None","","Workday"
"10","James","Villanueva","1-00009","13/03/2026","13:00","17:00","","","None","","Workday"
"11","Patricia","Ng","1-00010","13/03/2026","08:00","17:00","","","None","","Workday"
"2","Franklin","Moris","1-00001","14/03/2026","","","","","None","","Restday"
"3","Gwen Atasha","Lumagbas","1-00002","14/03/2026","","","","","None","","Restday"
"4","Maron","Javier","1-00003","14/03/2026","","","","","None","","Restday"
"5","Elena","Santos","1-00004","14/03/2026","","","","","None","","Restday"
"6","Miguel","Reyes","1-00005","14/03/2026","","","","","None","","Restday"
"7","Ana","Cruz","1-00006","14/03/2026","","","","","None","","Restday"
"8","Roberto","Lim","1-00007","14/03/2026","","","","","None","","Restday"
"9","Maria","Gonzales","1-00008","14/03/2026","","","","","None","","Restday"
"10","James","Villanueva","1-00009","14/03/2026","","","","","None","","Restday"
"11","Patricia","Ng","1-00010","14/03/2026","","","","","None","","Restday"
"2","Franklin","Moris","1-00001","15/03/2026","","","","","None","","Restday"
"3","Gwen Atasha","Lumagbas","1-00002","15/03/2026","","","","","None","","Restday"
"4","Maron","Javier","1-00003","15/03/2026","","","","","None","","Restday"
"5","Elena","Santos","1-00004","15/03/2026","","","","","None","","Restday"
"6","Miguel","Reyes","1-00005","15/03/2026","","","","","None","","Restday"
"7","Ana","Cruz","1-00006","15/03/2026","","","","","None","","Restday"
"8","Roberto","Lim","1-00007","15/03/2026","","","","","None","","Restday"
"9","Maria","Gonzales","1-00008","15/03/2026","","","","","None","","Restday"
"10","James","Villanueva","1-00009","15/03/2026","","","","","None","","Restday"
"11","Patricia","Ng","1-00010","15/03/2026","","","","","None","","Restday"
"2","Franklin","Moris","1-00001","16/03/2026","08:00","17:00","","","None","","Workday"
"3","Gwen Atasha","Lumagbas","1-00002","16/03/2026","08:00","17:00","","","None","","Workday"
"4","Maron","Javier","1-00003","16/03/2026","13:00","17:00","","","None","","Workday"
"5","Elena","Santos","1-00004","16/03/2026","08:30","17:30","","","None","","Workday"
"6","Miguel","Reyes","1-00005","16/03/2026","08:00","17:00","","","None","","Workday"
"7","Ana","Cruz","1-00006","16/03/2026","","","","","None","","Restday"
"8","Roberto","Lim","1-00007","16/03/2026","08:00","17:00","","","None","","Workday"
"9","Maria","Gonzales","1-00008","16/03/2026","09:00","18:00","","","None","","Workday"
"10","James","Villanueva","1-00009","16/03/2026","13:00","17:00","","","None","","Workday"
"11","Patricia","Ng","1-00010","16/03/2026","08:00","17:00","","","None","","Workday"
"2","Franklin","Moris","1-00001","17/03/2026","08:00","17:00","","","None","","Workday"
"3","Gwen Atasha","Lumagbas","1-00002","17/03/2026","08:00","17:00","","","None","","Workday"
"4","Maron","Javier","1-00003","17/03/2026","","","","","None","","Restday"
"5","Elena","Santos","1-00004","17/03/2026","08:30","17:30","","","None","","Workday"
"6","Miguel","Reyes","1-00005","17/03/2026","08:00","17:00","","","None","","Workday"
"7","Ana","Cruz","1-00006","17/03/2026","13:00","17:00","","","None","","Workday"
"8","Roberto","Lim","1-00007","17/03/2026","","","","","VL","","Workday"
"9","Maria","Gonzales","1-00008","17/03/2026","09:00","18:00","","","None","","Workday"
"10","James","Villanueva","1-00009","17/03/2026","","","","","None","","Restday"
"11","Patricia","Ng","1-00010","17/03/2026","08:00","17:00","","","None","","Workday"
"2","Franklin","Moris","1-00001","18/03/2026","08:00","17:00","","","None","","Workday"
"3","Gwen Atasha","Lumagbas","1-00002","18/03/2026","08:00","17:00","","","None","","Workday"
"4","Maron","Javier","1-00003","18/03/2026","13:00","17:00","","","None","","Workday"
"5","Elena","Santos","1-00004","18/03/2026","08:30","17:30","","","None","","Workday"
"6","Miguel","Reyes","1-00005","18/03/2026","08:00","17:00","","","None","","Workday"
"7","Ana","Cruz","1-00006","18/03/2026","","","","","None","","Restday"
"8","Roberto","Lim","1-00007","18/03/2026","","","","","VL","","Workday"
"9","Maria","Gonzales","1-00008","18/03/2026","09:00","18:00","","","None","","Workday"
"10","James","Villanueva","1-00009","18/03/2026","13:00","17:00","","","None","","Workday"
"11","Patricia","Ng","1-00010","18/03/2026","08:00","17:00","","","None","","Workday"
"2","Franklin","Moris","1-00001","19/03/2026","08:00","17:00","","","None","","Workday"
"3","Gwen Atasha","Lumagbas","1-00002","19/03/2026","08:00","17:00","","","None","","Workday"
"4","Maron","Javier","1-00003","19/03/2026","","","","","None","","Restday"
"5","Elena","Santos","1-00004","19/03/2026","08:30","17:30","","","None","","Workday"
"6","Miguel","Reyes","1-00005","19/03/2026","08:00","18:30","","1.5","None","","Workday"
"7","Ana","Cruz","1-00006","19/03/2026","13:00","17:00","","","None","","Workday"
"8","Roberto","Lim","1-00007","19/03/2026","08:00","17:00","","","None","","Workday"
"9","Maria","Gonzales","1-00008","19/03/2026","09:00","18:00","","","None","","Workday"
"10","James","Villanueva","1-00009","19/03/2026","","","","","None","","Restday"
"11","Patricia","Ng","1-00010","19/03/2026","08:00","17:00","","","None","","Workday"
"2","Franklin","Moris","1-00001","20/03/2026","08:00","17:00","","","None","","Workday"
"3","Gwen Atasha","Lumagbas","1-00002","20/03/2026","08:00","17:00","","","None","","Workday"
"4","Maron","Javier","1-00003","20/03/2026","13:00","17:00","","","None","","Workday"
"5","Elena","Santos","1-00004","20/03/2026","08:30","17:30","","","None","","Workday"
"6","Miguel","Reyes","1-00005","20/03/2026","08:00","16:40","20","","None","","Workday"
"7","Ana","Cruz","1-00006","20/03/2026","","","","","None","","Restday"
"8","Roberto","Lim","1-00007","20/03/2026","08:00","17:00","","","None","","Workday"
"9","Maria","Gonzales","1-00008","20/03/2026","09:00","18:00","","","None","","Workday"
"10","James","Villanueva","1-00009","20/03/2026","13:00","17:00","","","None","","Workday"
"11","Patricia","Ng","1-00010","20/03/2026","08:00","17:00","","","None","","Workday"
"2","Franklin","Moris","1-00001","21/03/2026","","","","","None","","Restday"
"3","Gwen Atasha","Lumagbas","1-00002","21/03/2026","","","","","None","","Restday"
"4","Maron","Javier","1-00003","21/03/2026","","","","","None","","Restday"
"5","Elena","Santos","1-00004","21/03/2026","","","","","None","","Restday"
"6","Miguel","Reyes","1-00005","21/03/2026","","","","","None","","Restday"
"7","Ana","Cruz","1-00006","21/03/2026","","","","","None","","Restday"
"8","Roberto","Lim","1-00007","21/03/2026","","","","","None","","Restday"
"9","Maria","Gonzales","1-00008","21/03/2026","","","","","None","","Restday"
"10","James","Villanueva","1-00009","21/03/2026","","","","","None","","Restday"
"11","Patricia","Ng","1-00010","21/03/2026","","","","","None","","Restday"
"2","Franklin","Moris","1-00001","22/03/2026","","","","","None","","Restday"
"3","Gwen Atasha","Lumagbas","1-00002","22/03/2026","","","","","None","","Restday"
"4","Maron","Javier","1-00003","22/03/2026","","","","","None","","Restday"
"5","Elena","Santos","1-00004","22/03/2026","","","","","None","","Restday"
"6","Miguel","Reyes","1-00005","22/03/2026","","","","","None","","Restday"
"7","Ana","Cruz","1-00006","22/03/2026","","","","","None","","Restday"
"8","Roberto","Lim","1-00007","22/03/2026","","","","","None","","Restday"
"9","Maria","Gonzales","1-00008","22/03/2026","","","","","None","","Restday"
"10","James","Villanueva","1-00009","22/03/2026","","","","","None","","Restday"
"11","Patricia","Ng","1-00010","22/03/2026","","","","","None","","Restday"
"2","Franklin","Moris","1-00001","23/03/2026","08:00","17:00","","","None","","Workday"
"3","Gwen Atasha","Lumagbas","1-00002","23/03/2026","08:00","17:00","","","None","","Workday"
"4","Maron","Javier","1-00003","23/03/2026","13:00","17:00","","","None","","Workday"
"5","Elena","Santos","1-00004","23/03/2026","08:30","17:30","","","None","","Workday"
"6","Miguel","Reyes","1-00005","23/03/2026","08:00","17:00","","","None","","Workday"
"7","Ana","Cruz","1-00006","23/03/2026","","","","","None","","Restday"
"8","Roberto","Lim","1-00007","23/03/2026","08:00","17:00","","","None","","Workday"
"9","Maria","Gonzales","1-00008","23/03/2026","09:00","18:00","","","None","","Workday"
"10","James","Villanueva","1-00009","23/03/2026","13:00","17:00","","","None","","Workday"
"11","Patricia","Ng","1-00010","23/03/2026","08:00","17:00","","","None","","Workday"
"2","Franklin","Moris","1-00001","24/03/2026","","","","","SL","","Workday"
"3","Gwen Atasha","Lumagbas","1-00002","24/03/2026","08:00","17:00","","","None","","Workday"
"4","Maron","Javier","1-00003","24/03/2026","","","","","None","","Restday"
"5","Elena","Santos","1-00004","24/03/2026","08:30","17:30","","","None","","Workday"
"6","Miguel","Reyes","1-00005","24/03/2026","08:00","17:00","","","None","","Workday"
"7","Ana","Cruz","1-00006","24/03/2026","13:00","17:00","","","None","","Workday"
"8","Roberto","Lim","1-00007","24/03/2026","08:00","17:00","","","None","","Workday"
"9","Maria","Gonzales","1-00008","24/03/2026","09:00","18:00","","","None","","Workday"
"10","James","Villanueva","1-00009","24/03/2026","","","","","None","","Restday"
"11","Patricia","Ng","1-00010","24/03/2026","08:00","17:00","","","None","","Workday"
"2","Franklin","Moris","1-00001","25/03/2026","08:00","17:00","","","None","","Workday"
"3","Gwen Atasha","Lumagbas","1-00002","25/03/2026","08:00","17:00","","","None","","Workday"
"4","Maron","Javier","1-00003","25/03/2026","13:00","17:00","","","None","","Workday"
"5","Elena","Santos","1-00004","25/03/2026","08:30","17:30","","","None","","Workday"
"6","Miguel","Reyes","1-00005","25/03/2026","08:00","17:00","","","None","","Workday"
"7","Ana","Cruz","1-00006","25/03/2026","","","","","None","","Restday"
"8","Roberto","Lim","1-00007","25/03/2026","08:00","17:00","","","None","","Workday"
"9","Maria","Gonzales","1-00008","25/03/2026","09:00","20:00","","2","None","","Workday"
"10","James","Villanueva","1-00009","25/03/2026","13:00","17:00","","","None","","Workday"
"11","Patricia","Ng","1-00010","25/03/2026","08:00","17:00","","","None","","Workday"
"2","Franklin","Moris","1-00001","26/03/2026","08:00","17:00","","","None","","Workday"
"3","Gwen Atasha","Lumagbas","1-00002","26/03/2026","08:00","17:00","","","None","","Workday"
"4","Maron","Javier","1-00003","26/03/2026","","","","","None","","Restday"
"5","Elena","Santos","1-00004","26/03/2026","08:30","17:30","","","None","","Workday"
"6","Miguel","Reyes","1-00005","26/03/2026","08:00","17:00","","","None","","Workday"
"7","Ana","Cruz","1-00006","26/03/2026","13:00","17:00","","","None","","Workday"
"8","Roberto","Lim","1-00007","26/03/2026","08:00","17:00","","","None","","Workday"
"9","Maria","Gonzales","1-00008","26/03/2026","09:00","18:00","","","None","","Workday"
"10","James","Villanueva","1-00009","26/03/2026","","","","","None","","Restday"
"11","Patricia","Ng","1-00010","26/03/2026","08:00","17:00","","","None","","Workday"
"2","Franklin","Moris","1-00001","27/03/2026","08:00","17:00","","","None","","Workday"
"3","Gwen Atasha","Lumagbas","1-00002","27/03/2026","08:00","17:00","","","None","","Workday"
"4","Maron","Javier","1-00003","27/03/2026","13:00","17:00","","","None","","Workday"
"5","Elena","Santos","1-00004","27/03/2026","08:30","17:30","","","None","","Workday"
"6","Miguel","Reyes","1-00005","27/03/2026","08:00","17:00","","","None","","Workday"
"7","Ana","Cruz","1-00006","27/03/2026","","","","","None","","Restday"
"8","Roberto","Lim","1-00007","27/03/2026","08:00","17:00","","","None","","Workday"
"9","Maria","Gonzales","1-00008","27/03/2026","09:22","18:00","","","None","","Workday"
"10","James","Villanueva","1-00009","27/03/2026","13:12","17:00","","","None","","Workday"
"11","Patricia","Ng","1-00010","27/03/2026","08:00","17:00","","","None","","Workday"
"2","Franklin","Moris","1-00001","28/03/2026","","","","","None","","Restday"
"3","Gwen Atasha","Lumagbas","1-00002","28/03/2026","","","","","None","","Restday"
"4","Maron","Javier","1-00003","28/03/2026","","","","","None","","Restday"
"5","Elena","Santos","1-00004","28/03/2026","","","","","None","","Restday"
"6","Miguel","Reyes","1-00005","28/03/2026","","","","","None","","Restday"
"7","Ana","Cruz","1-00006","28/03/2026","","","","","None","","Restday"
"8","Roberto","Lim","1-00007","28/03/2026","","","","","None","","Restday"
"9","Maria","Gonzales","1-00008","28/03/2026","","","","","None","","Restday"
"10","James","Villanueva","1-00009","28/03/2026","","","","","None","","Restday"
"11","Patricia","Ng","1-00010","28/03/2026","","","","","None","","Restday"
"2","Franklin","Moris","1-00001","29/03/2026","","","","","None","","Restday"
"3","Gwen Atasha","Lumagbas","1-00002","29/03/2026","","","","","None","","Restday"
"4","Maron","Javier","1-00003","29/03/2026","","","","","None","","Restday"
"5","Elena","Santos","1-00004","29/03/2026","","","","","None","","Restday"
"6","Miguel","Reyes","1-00005","29/03/2026","","","","","None","","Restday"
"7","Ana","Cruz","1-00006","29/03/2026","","","","","None","","Restday"
"8","Roberto","Lim","1-00007","29/03/2026","","","","","None","","Restday"
"9","Maria","Gonzales","1-00008","29/03/2026","","","","","None","","Restday"
"10","James","Villanueva","1-00009","29/03/2026","","","","","None","","Restday"
"11","Patricia","Ng","1-00010","29/03/2026","","","","","None","","Restday"
"2","Franklin","Moris","1-00001","30/03/2026","08:00","17:00","","","None","","Workday"
"3","Gwen Atasha","Lumagbas","1-00002","30/03/2026","08:00","17:00","","","None","","Workday"
"4","Maron","Javier","1-00003","30/03/2026","13:00","17:00","","","None","","Workday"
"5","Elena","Santos","1-00004","30/03/2026","08:17","17:30","","","None","","Workday"
"6","Miguel","Reyes","1-00005","30/03/2026","08:00","17:00","","","None","","Workday"
"7","Ana","Cruz","1-00006","30/03/2026","","","","","None","","Restday"
"8","Roberto","Lim","1-00007","30/03/2026","08:00","17:00","","","None","","Workday"
"9","Maria","Gonzales","1-00008","30/03/2026","09:00","18:00","","","None","","Workday"
"10","James","Villanueva","1-00009","30/03/2026","13:00","17:00","","","None","","Workday"
"11","Patricia","Ng","1-00010","30/03/2026","08:00","17:00","","","None","","Workday"
"2","Franklin","Moris","1-00001","31/03/2026","08:00","17:00","","","None","","Workday"
"3","Gwen Atasha","Lumagbas","1-00002","31/03/2026","08:00","17:00","","","None","","Workday"
"4","Maron","Javier","1-00003","31/03/2026","","","","","None","","Restday"
"5","Elena","Santos","1-00004","31/03/2026","08:30","17:30","","","None","","Workday"
"6","Miguel","Reyes","1-00005","31/03/2026","08:00","17:00","","","None","","Workday"
"7","Ana","Cruz","1-00006","31/03/2026","13:00","17:00","","","None","","Workday"
"8","Roberto","Lim","1-00007","31/03/2026","08:00","17:00","","","None","","Workday"
"9","Maria","Gonzales","1-00008","31/03/2026","09:00","18:00","","","None","","Workday"
"10","James","Villanueva","1-00009","31/03/2026","","","","","None","","Restday"
"11","Patricia","Ng","1-00010","31/03/2026","08:00","17:00","","","None","","Workday"
"2","Franklin","Moris","1-00001","01/04/2026","08:00","17:00","","","None","","Workday"
"3","Gwen Atasha","Lumagbas","1-00002","01/04/2026","08:00","17:00","","","None","","Workday"
"4","Maron","Javier","1-00003","01/04/2026","13:00","17:00","","","None","","Workday"
"5","Elena","Santos","1-00004","01/04/2026","08:30","17:30","","","None","","Workday"
"6","Miguel","Reyes","1-00005","01/04/2026","08:00","17:00","","","None","","Workday"
"7","Ana","Cruz","1-00006","01/04/2026","","","","","None","","Restday"
"8","Roberto","Lim","1-00007","01/04/2026","08:00","17:00","","","None","","Workday"
"9","Maria","Gonzales","1-00008","01/04/2026","09:00","18:00","","","None","","Workday"
"10","James","Villanueva","1-00009","01/04/2026","13:00","17:00","","","None","","Workday"
"11","Patricia","Ng","1-00010","01/04/2026","08:00","17:00","","","None","","Workday"
"2","Franklin","Moris","1-00001","02/04/2026","08:00","17:00","","","None","","Workday"
"3","Gwen Atasha","Lumagbas","1-00002","02/04/2026","08:00","17:00","","","None","","Workday"
"4","Maron","Javier","1-00003","02/04/2026","","","","","None","","Restday"
"5","Elena","Santos","1-00004","02/04/2026","08:30","17:30","","","None","","Workday"
"6","Miguel","Reyes","1-00005","02/04/2026","08:17","17:00","","","None","","Workday"
"7","Ana","Cruz","1-00006","02/04/2026","13:12","17:00","","","None","","Workday"
"8","Roberto","Lim","1-00007","02/04/2026","08:00","17:00","","","None","","Workday"
"9","Maria","Gonzales","1-00008","02/04/2026","09:00","15:00","","","None","OB","Workday"
"10","James","Villanueva","1-00009","02/04/2026","","","","","None","","Restday"
"11","Patricia","Ng","1-00010","02/04/2026","08:00","17:00","","","None","","Workday"
"2","Franklin","Moris","1-00001","03/04/2026","08:00","17:00","","","None","","Workday"
"3","Gwen Atasha","Lumagbas","1-00002","03/04/2026","08:00","17:00","","","None","","Workday"
"4","Maron","Javier","1-00003","03/04/2026","13:12","17:00","","","None","","Workday"
"5","Elena","Santos","1-00004","03/04/2026","08:30","17:30","","","None","","Workday"
"6","Miguel","Reyes","1-00005","03/04/2026","08:00","17:00","","","None","","Workday"
"7","Ana","Cruz","1-00006","03/04/2026","","","","","None","","Restday"
"8","Roberto","Lim","1-00007","03/04/2026","08:00","17:00","","","None","","Workday"
"9","Maria","Gonzales","1-00008","03/04/2026","09:00","18:00","","","None","","Workday"
"10","James","Villanueva","1-00009","03/04/2026","13:12","17:00","","","None","","Workday"
"11","Patricia","Ng","1-00010","03/04/2026","08:00","18:30","","1.5","None","","Workday"
"2","Franklin","Moris","1-00001","04/04/2026","","","","","None","","Restday"
"3","Gwen Atasha","Lumagbas","1-00002","04/04/2026","","","","","None","","Restday"
"4","Maron","Javier","1-00003","04/04/2026","","","","","None","","Restday"
"5","Elena","Santos","1-00004","04/04/2026","","","","","None","","Restday"
"6","Miguel","Reyes","1-00005","04/04/2026","","","","","None","","Restday"
"7","Ana","Cruz","1-00006","04/04/2026","","","","","None","","Restday"
"8","Roberto","Lim","1-00007","04/04/2026","","","","","None","","Restday"
"9","Maria","Gonzales","1-00008","04/04/2026","","","","","None","","Restday"
"10","James","Villanueva","1-00009","04/04/2026","","","","","None","","Restday"
"11","Patricia","Ng","1-00010","04/04/2026","","","","","None","","Restday"
"2","Franklin","Moris","1-00001","05/04/2026","","","","","None","","Restday"
"3","Gwen Atasha","Lumagbas","1-00002","05/04/2026","","","","","None","","Restday"
"4","Maron","Javier","1-00003","05/04/2026","","","","","None","","Restday"
"5","Elena","Santos","1-00004","05/04/2026","","","","","None","","Restday"
"6","Miguel","Reyes","1-00005","05/04/2026","","","","","None","","Restday"
"7","Ana","Cruz","1-00006","05/04/2026","","","","","None","","Restday"
"8","Roberto","Lim","1-00007","05/04/2026","","","","","None","","Restday"
"9","Maria","Gonzales","1-00008","05/04/2026","","","","","None","","Restday"
"10","James","Villanueva","1-00009","05/04/2026","","","","","None","","Restday"
"11","Patricia","Ng","1-00010","05/04/2026","","","","","None","","Restday"
"2","Franklin","Moris","1-00001","06/04/2026","08:00","16:40","20","","None","","Workday"
"3","Gwen Atasha","Lumagbas","1-00002","06/04/2026","08:00","17:00","","","None","","Workday"
"4","Maron","Javier","1-00003","06/04/2026","13:00","17:00","","","None","","Workday"
"5","Elena","Santos","1-00004","06/04/2026","08:30","17:30","","","None","","Workday"
"6","Miguel","Reyes","1-00005","06/04/2026","08:00","17:00","","","None","","Workday"
"7","Ana","Cruz","1-00006","06/04/2026","","","","","None","","Restday"
"8","Roberto","Lim","1-00007","06/04/2026","08:00","17:00","","","None","","Workday"
"9","Maria","Gonzales","1-00008","06/04/2026","09:00","18:00","","","None","","Workday"
"10","James","Villanueva","1-00009","06/04/2026","13:00","17:00","","","None","","Workday"
"11","Patricia","Ng","1-00010","06/04/2026","08:00","17:00","","","None","","Workday"
"2","Franklin","Moris","1-00001","07/04/2026","08:00","17:00","","","None","","Workday"
"3","Gwen Atasha","Lumagbas","1-00002","07/04/2026","08:00","17:00","","","None","","Workday"
"4","Maron","Javier","1-00003","07/04/2026","","","","","None","","Restday"
"5","Elena","Santos","1-00004","07/04/2026","08:30","17:30","","","None","","Workday"
"6","Miguel","Reyes","1-00005","07/04/2026","08:00","17:00","","","None","","Workday"
"7","Ana","Cruz","1-00006","07/04/2026","13:00","17:00","","","None","","Workday"
"8","Roberto","Lim","1-00007","07/04/2026","08:00","17:00","","","None","","Workday"
"9","Maria","Gonzales","1-00008","07/04/2026","09:00","18:00","","","None","","Workday"
"10","James","Villanueva","1-00009","07/04/2026","","","","","None","","Restday"
"11","Patricia","Ng","1-00010","07/04/2026","08:00","17:00","","","None","","Workday"
"2","Franklin","Moris","1-00001","08/04/2026","08:00","17:00","","","None","","Workday"
"3","Gwen Atasha","Lumagbas","1-00002","08/04/2026","08:00","17:00","","","None","","Workday"
"4","Maron","Javier","1-00003","08/04/2026","","","","","SL","","Workday"
"5","Elena","Santos","1-00004","08/04/2026","08:30","17:30","","","None","","Workday"
"6","Miguel","Reyes","1-00005","08/04/2026","08:00","17:00","","","None","","Workday"
"7","Ana","Cruz","1-00006","08/04/2026","","","","","None","","Restday"
"8","Roberto","Lim","1-00007","08/04/2026","08:00","17:00","","","None","","Workday"
"9","Maria","Gonzales","1-00008","08/04/2026","09:00","18:00","","","None","","Workday"
"10","James","Villanueva","1-00009","08/04/2026","13:00","17:00","","","None","","Workday"
"11","Patricia","Ng","1-00010","08/04/2026","08:00","17:00","","","None","","Workday"
"2","Franklin","Moris","1-00001","09/04/2026","08:00","17:00","","","None","","Workday"
"3","Gwen Atasha","Lumagbas","1-00002","09/04/2026","08:17","17:00","","","None","","Workday"
"4","Maron","Javier","1-00003","09/04/2026","","","","","None","","Restday"
"5","Elena","Santos","1-00004","09/04/2026","","","","","VL","","Workday"
"6","Miguel","Reyes","1-00005","09/04/2026","08:00","17:00","","","None","","Workday"
"7","Ana","Cruz","1-00006","09/04/2026","13:00","17:00","","","None","","Workday"
"8","Roberto","Lim","1-00007","09/04/2026","08:00","17:00","","","None","","Workday"
"9","Maria","Gonzales","1-00008","09/04/2026","09:00","18:00","","","None","","Workday"
"10","James","Villanueva","1-00009","09/04/2026","","","","","None","","Restday"
"11","Patricia","Ng","1-00010","09/04/2026","08:00","17:00","","","None","","Workday"
"2","Franklin","Moris","1-00001","10/04/2026","08:00","17:00","","","None","","Workday"
"3","Gwen Atasha","Lumagbas","1-00002","10/04/2026","08:00","17:00","","","None","","Workday"
"4","Maron","Javier","1-00003","10/04/2026","13:00","17:00","","","None","","Workday"
"5","Elena","Santos","1-00004","10/04/2026","08:30","17:30","","","None","","Workday"
"6","Miguel","Reyes","1-00005","10/04/2026","08:00","17:00","","","None","","Workday"
"7","Ana","Cruz","1-00006","10/04/2026","","","","","None","","Restday"
"8","Roberto","Lim","1-00007","10/04/2026","08:00","17:00","","","None","","Workday"
"9","Maria","Gonzales","1-00008","10/04/2026","09:00","18:00","","","None","","Workday"
"10","James","Villanueva","1-00009","10/04/2026","13:00","17:00","","","None","","Workday"
"11","Patricia","Ng","1-00010","10/04/2026","08:00","17:00","","","None","","Workday"
"2","Franklin","Moris","1-00001","11/04/2026","","","","","None","","Restday"
"3","Gwen Atasha","Lumagbas","1-00002","11/04/2026","","","","","None","","Restday"
"4","Maron","Javier","1-00003","11/04/2026","","","","","None","","Restday"
"5","Elena","Santos","1-00004","11/04/2026","","","","","None","","Restday"
"6","Miguel","Reyes","1-00005","11/04/2026","","","","","None","","Restday"
"7","Ana","Cruz","1-00006","11/04/2026","","","","","None","","Restday"
"8","Roberto","Lim","1-00007","11/04/2026","","","","","None","","Restday"
"9","Maria","Gonzales","1-00008","11/04/2026","","","","","None","","Restday"
"10","James","Villanueva","1-00009","11/04/2026","","","","","None","","Restday"
"11","Patricia","Ng","1-00010","11/04/2026","","","","","None","","Restday"
"2","Franklin","Moris","1-00001","12/04/2026","","","","","None","","Restday"
"3","Gwen Atasha","Lumagbas","1-00002","12/04/2026","","","","","None","","Restday"
"4","Maron","Javier","1-00003","12/04/2026","","","","","None","","Restday"
"5","Elena","Santos","1-00004","12/04/2026","","","","","None","","Restday"
"6","Miguel","Reyes","1-00005","12/04/2026","","","","","None","","Restday"
"7","Ana","Cruz","1-00006","12/04/2026","","","","","None","","Restday"
"8","Roberto","Lim","1-00007","12/04/2026","","","","","None","","Restday"
"9","Maria","Gonzales","1-00008","12/04/2026","","","","","None","","Restday"
"10","James","Villanueva","1-00009","12/04/2026","","","","","None","","Restday"
"11","Patricia","Ng","1-00010","12/04/2026","","","","","None","","Restday"
"2","Franklin","Moris","1-00001","13/04/2026","08:17","17:00","","","None","","Workday"
"3","Gwen Atasha","Lumagbas","1-00002","13/04/2026","08:00","17:00","","","None","","Workday"
"4","Maron","Javier","1-00003","13/04/2026","13:00","17:00","","","None","","Workday"
"5","Elena","Santos","1-00004","13/04/2026","08:30","17:30","","","None","","Workday"
"6","Miguel","Reyes","1-00005","13/04/2026","08:00","17:00","","","None","","Workday"
"7","Ana","Cruz","1-00006","13/04/2026","","","","","None","","Restday"
"8","Roberto","Lim","1-00007","13/04/2026","08:00","17:00","","","None","","Workday"
"9","Maria","Gonzales","1-00008","13/04/2026","09:00","18:00","","","None","","Workday"
"10","James","Villanueva","1-00009","13/04/2026","13:00","17:00","","","None","","Workday"
"11","Patricia","Ng","1-00010","13/04/2026","08:00","16:40","20","","None","","Workday"
"2","Franklin","Moris","1-00001","14/04/2026","08:00","17:00","","","None","","Workday"
"3","Gwen Atasha","Lumagbas","1-00002","14/04/2026","","","","","VL","","Workday"
"4","Maron","Javier","1-00003","14/04/2026","","","","","None","","Restday"
"5","Elena","Santos","1-00004","14/04/2026","08:30","17:30","","","None","","Workday"
"6","Miguel","Reyes","1-00005","14/04/2026","08:00","17:00","","","None","","Workday"
"7","Ana","Cruz","1-00006","14/04/2026","13:00","17:00","","","None","","Workday"
"8","Roberto","Lim","1-00007","14/04/2026","08:00","17:00","","","None","","Workday"
"9","Maria","Gonzales","1-00008","14/04/2026","09:00","18:00","","","None","","Workday"
"10","James","Villanueva","1-00009","14/04/2026","","","","","None","","Restday"
"11","Patricia","Ng","1-00010","14/04/2026","08:00","17:00","","","None","","Workday"
"2","Franklin","Moris","1-00001","15/04/2026","08:00","17:00","","","None","","Workday"
"3","Gwen Atasha","Lumagbas","1-00002","15/04/2026","","","","","VL","","Workday"
"4","Maron","Javier","1-00003","15/04/2026","13:00","17:00","","","None","","Workday"
"5","Elena","Santos","1-00004","15/04/2026","08:30","17:30","","","None","","Workday"
"6","Miguel","Reyes","1-00005","15/04/2026","08:00","17:00","","","None","","Workday"
"7","Ana","Cruz","1-00006","15/04/2026","","","","","None","","Restday"
"8","Roberto","Lim","1-00007","15/04/2026","08:00","17:00","","","None","","Workday"
"9","Maria","Gonzales","1-00008","15/04/2026","09:00","18:00","","","None","","Workday"
"10","James","Villanueva","1-00009","15/04/2026","13:00","17:00","","","None","","Workday"
"11","Patricia","Ng","1-00010","15/04/2026","08:00","17:00","","","None","","Workday"
"2","Franklin","Moris","1-00001","16/04/2026","08:00","17:00","","","None","","Workday"
"3","Gwen Atasha","Lumagbas","1-00002","16/04/2026","08:00","17:00","","","None","","Workday"
"4","Maron","Javier","1-00003","16/04/2026","","","","","None","","Restday"
"5","Elena","Santos","1-00004","16/04/2026","08:30","12:30","","","None","OB","Workday"
"6","Miguel","Reyes","1-00005","16/04/2026","08:00","17:00","","","None","","Workday"
"7","Ana","Cruz","1-00006","16/04/2026","13:00","17:00","","","None","","Workday"
"8","Roberto","Lim","1-00007","16/04/2026","08:00","17:00","","","None","","Workday"
"9","Maria","Gonzales","1-00008","16/04/2026","09:22","18:00","","","None","","Workday"
"10","James","Villanueva","1-00009","16/04/2026","","","","","None","","Restday"
"11","Patricia","Ng","1-00010","16/04/2026","08:00","17:00","","","None","","Workday"
"2","Franklin","Moris","1-00001","17/04/2026","08:00","17:00","","","None","","Workday"
"3","Gwen Atasha","Lumagbas","1-00002","17/04/2026","08:00","17:00","","","None","","Workday"
"4","Maron","Javier","1-00003","17/04/2026","13:00","17:00","","","None","","Workday"
"5","Elena","Santos","1-00004","17/04/2026","08:17","17:30","","","None","","Workday"
"6","Miguel","Reyes","1-00005","17/04/2026","08:00","17:00","","","None","","Workday"
"7","Ana","Cruz","1-00006","17/04/2026","","","","","None","","Restday"
"8","Roberto","Lim","1-00007","17/04/2026","08:17","17:00","","","None","","Workday"
"9","Maria","Gonzales","1-00008","17/04/2026","09:22","18:00","","","None","","Workday"
"10","James","Villanueva","1-00009","17/04/2026","13:00","17:00","","","None","","Workday"
"11","Patricia","Ng","1-00010","17/04/2026","08:00","17:00","","","None","","Workday"
"2","Franklin","Moris","1-00001","18/04/2026","","","","","None","","Restday"
"3","Gwen Atasha","Lumagbas","1-00002","18/04/2026","","","","","None","","Restday"
"4","Maron","Javier","1-00003","18/04/2026","","","","","None","","Restday"
"5","Elena","Santos","1-00004","18/04/2026","","","","","None","","Restday"
"6","Miguel","Reyes","1-00005","18/04/2026","","","","","None","","Restday"
"7","Ana","Cruz","1-00006","18/04/2026","","","","","None","","Restday"
"8","Roberto","Lim","1-00007","18/04/2026","","","","","None","","Restday"
"9","Maria","Gonzales","1-00008","18/04/2026","","","","","None","","Restday"
"10","James","Villanueva","1-00009","18/04/2026","","","","","None","","Restday"
"11","Patricia","Ng","1-00010","18/04/2026","","","","","None","","Restday"
"2","Franklin","Moris","1-00001","19/04/2026","","","","","None","","Restday"
"3","Gwen Atasha","Lumagbas","1-00002","19/04/2026","","","","","None","","Restday"
"4","Maron","Javier","1-00003","19/04/2026","","","","","None","","Restday"
"5","Elena","Santos","1-00004","19/04/2026","","","","","None","","Restday"
"6","Miguel","Reyes","1-00005","19/04/2026","","","","","None","","Restday"
"7","Ana","Cruz","1-00006","19/04/2026","","","","","None","","Restday"
"8","Roberto","Lim","1-00007","19/04/2026","","","","","None","","Restday"
"9","Maria","Gonzales","1-00008","19/04/2026","","","","","None","","Restday"
"10","James","Villanueva","1-00009","19/04/2026","","","","","None","","Restday"
"11","Patricia","Ng","1-00010","19/04/2026","","","","","None","","Restday"
"2","Franklin","Moris","1-00001","20/04/2026","08:00","17:00","","","None","","Workday"
"3","Gwen Atasha","Lumagbas","1-00002","20/04/2026","08:00","17:00","","","None","","Workday"
"4","Maron","Javier","1-00003","20/04/2026","13:00","17:00","","","None","","Workday"
"5","Elena","Santos","1-00004","20/04/2026","08:30","17:30","","","None","","Workday"
"6","Miguel","Reyes","1-00005","20/04/2026","08:17","17:00","","","None","","Workday"
"7","Ana","Cruz","1-00006","20/04/2026","","","","","None","","Restday"
"8","Roberto","Lim","1-00007","20/04/2026","08:00","17:00","","","None","","Workday"
"9","Maria","Gonzales","1-00008","20/04/2026","09:00","18:00","","","None","","Workday"
"10","James","Villanueva","1-00009","20/04/2026","13:00","17:00","","","None","","Workday"
"11","Patricia","Ng","1-00010","20/04/2026","08:00","17:00","","","None","","Workday"
"2","Franklin","Moris","1-00001","21/04/2026","08:00","17:00","","","None","","Workday"
"3","Gwen Atasha","Lumagbas","1-00002","21/04/2026","08:00","17:00","","","None","","Workday"
"4","Maron","Javier","1-00003","21/04/2026","","","","","None","","Restday"
"5","Elena","Santos","1-00004","21/04/2026","08:17","17:30","","","None","","Workday"
"6","Miguel","Reyes","1-00005","21/04/2026","08:00","17:00","","","None","","Workday"
"7","Ana","Cruz","1-00006","21/04/2026","13:00","17:00","","","None","","Workday"
"8","Roberto","Lim","1-00007","21/04/2026","08:00","17:00","","","None","","Workday"
"9","Maria","Gonzales","1-00008","21/04/2026","","","","","SL","","Workday"
"10","James","Villanueva","1-00009","21/04/2026","","","","","None","","Restday"
"11","Patricia","Ng","1-00010","21/04/2026","08:17","17:00","","","None","","Workday"
"2","Franklin","Moris","1-00001","22/04/2026","08:00","18:30","","1","None","","Workday"
"3","Gwen Atasha","Lumagbas","1-00002","22/04/2026","08:00","17:00","","","None","","Workday"
"4","Maron","Javier","1-00003","22/04/2026","13:00","17:00","","","None","","Workday"
"5","Elena","Santos","1-00004","22/04/2026","08:30","17:30","","","None","","Workday"
"6","Miguel","Reyes","1-00005","22/04/2026","08:00","17:00","","","None","","Workday"
"7","Ana","Cruz","1-00006","22/04/2026","","","","","None","","Restday"
"8","Roberto","Lim","1-00007","22/04/2026","08:00","17:00","","","None","","Workday"
"9","Maria","Gonzales","1-00008","22/04/2026","09:00","18:00","","","None","","Workday"
"10","James","Villanueva","1-00009","22/04/2026","13:00","17:00","","","None","","Workday"
"11","Patricia","Ng","1-00010","22/04/2026","08:00","17:00","","","None","","Workday"
"2","Franklin","Moris","1-00001","23/04/2026","08:00","17:00","","","None","","Workday"
"3","Gwen Atasha","Lumagbas","1-00002","23/04/2026","08:17","17:00","","","None","","Workday"
"4","Maron","Javier","1-00003","23/04/2026","","","","","None","","Restday"
"5","Elena","Santos","1-00004","23/04/2026","08:30","17:30","","","None","","Workday"
"6","Miguel","Reyes","1-00005","23/04/2026","08:00","17:00","","","None","","Workday"
"7","Ana","Cruz","1-00006","23/04/2026","13:00","17:00","","","None","","Workday"
"8","Roberto","Lim","1-00007","23/04/2026","08:00","17:00","","","None","","Workday"
"9","Maria","Gonzales","1-00008","23/04/2026","09:00","18:00","","","None","","Workday"
"10","James","Villanueva","1-00009","23/04/2026","","","","","None","","Restday"
"11","Patricia","Ng","1-00010","23/04/2026","08:00","17:00","","","None","","Workday"
"2","Franklin","Moris","1-00001","24/04/2026","08:00","17:00","","","None","","Workday"
"3","Gwen Atasha","Lumagbas","1-00002","24/04/2026","08:00","17:00","","","None","","Workday"
"4","Maron","Javier","1-00003","24/04/2026","13:00","17:00","","","None","","Workday"
"5","Elena","Santos","1-00004","24/04/2026","08:30","17:30","","","None","","Workday"
"6","Miguel","Reyes","1-00005","24/04/2026","08:00","17:00","","","None","","Workday"
"7","Ana","Cruz","1-00006","24/04/2026","","","","","None","","Restday"
"8","Roberto","Lim","1-00007","24/04/2026","08:00","17:00","","","None","","Workday"
"9","Maria","Gonzales","1-00008","24/04/2026","09:00","18:00","","","None","","Workday"
"10","James","Villanueva","1-00009","24/04/2026","13:00","17:00","","","None","","Workday"
"11","Patricia","Ng","1-00010","24/04/2026","08:00","17:00","","","None","","Workday"
"2","Franklin","Moris","1-00001","25/04/2026","","","","","None","","Restday"
"3","Gwen Atasha","Lumagbas","1-00002","25/04/2026","","","","","None","","Restday"
"4","Maron","Javier","1-00003","25/04/2026","","","","","None","","Restday"
"5","Elena","Santos","1-00004","25/04/2026","","","","","None","","Restday"
"6","Miguel","Reyes","1-00005","25/04/2026","","","","","None","","Restday"
"7","Ana","Cruz","1-00006","25/04/2026","","","","","None","","Restday"
"8","Roberto","Lim","1-00007","25/04/2026","","","","","None","","Restday"
"9","Maria","Gonzales","1-00008","25/04/2026","","","","","None","","Restday"
"10","James","Villanueva","1-00009","25/04/2026","","","","","None","","Restday"
"11","Patricia","Ng","1-00010","25/04/2026","","","","","None","","Restday"
"2","Franklin","Moris","1-00001","26/04/2026","","","","","None","","Restday"
"3","Gwen Atasha","Lumagbas","1-00002","26/04/2026","","","","","None","","Restday"
"4","Maron","Javier","1-00003","26/04/2026","","","","","None","","Restday"
"5","Elena","Santos","1-00004","26/04/2026","","","","","None","","Restday"
"6","Miguel","Reyes","1-00005","26/04/2026","","","","","None","","Restday"
"7","Ana","Cruz","1-00006","26/04/2026","","","","","None","","Restday"
"8","Roberto","Lim","1-00007","26/04/2026","","","","","None","","Restday"
"9","Maria","Gonzales","1-00008","26/04/2026","","","","","None","","Restday"
"10","James","Villanueva","1-00009","26/04/2026","","","","","None","","Restday"
"11","Patricia","Ng","1-00010","26/04/2026","","","","","None","","Restday"
"2","Franklin","Moris","1-00001","27/04/2026","08:00","17:00","","","None","","Workday"
"3","Gwen Atasha","Lumagbas","1-00002","27/04/2026","08:00","17:00","","","None","","Workday"
"4","Maron","Javier","1-00003","27/04/2026","13:00","17:00","","","None","","Workday"
"5","Elena","Santos","1-00004","27/04/2026","08:30","17:30","","","None","","Workday"
"6","Miguel","Reyes","1-00005","27/04/2026","08:00","17:00","","","None","","Workday"
"7","Ana","Cruz","1-00006","27/04/2026","","","","","None","","Restday"
"8","Roberto","Lim","1-00007","27/04/2026","08:00","17:00","","","None","","Workday"
"9","Maria","Gonzales","1-00008","27/04/2026","09:00","18:00","","","None","","Workday"
"10","James","Villanueva","1-00009","27/04/2026","13:00","17:00","","","None","","Workday"
"11","Patricia","Ng","1-00010","27/04/2026","08:00","17:00","","","None","","Workday"
"2","Franklin","Moris","1-00001","28/04/2026","08:00","17:00","","","None","","Workday"
"3","Gwen Atasha","Lumagbas","1-00002","28/04/2026","08:00","17:00","","","None","","Workday"
"4","Maron","Javier","1-00003","28/04/2026","","","","","None","","Restday"
"5","Elena","Santos","1-00004","28/04/2026","08:30","17:30","","","None","","Workday"
"6","Miguel","Reyes","1-00005","28/04/2026","08:00","17:00","","","None","","Workday"
"7","Ana","Cruz","1-00006","28/04/2026","13:00","17:00","","","None","","Workday"
"8","Roberto","Lim","1-00007","28/04/2026","08:17","17:00","","","None","","Workday"
"9","Maria","Gonzales","1-00008","28/04/2026","09:00","18:00","","","None","","Workday"
"10","James","Villanueva","1-00009","28/04/2026","","","","","None","","Restday"
"11","Patricia","Ng","1-00010","28/04/2026","08:00","17:00","","","None","","Workday"
"2","Franklin","Moris","1-00001","29/04/2026","08:00","17:00","","","None","","Workday"
"3","Gwen Atasha","Lumagbas","1-00002","29/04/2026","08:00","17:00","","","None","","Workday"
"4","Maron","Javier","1-00003","29/04/2026","13:00","17:00","","","None","","Workday"
"5","Elena","Santos","1-00004","29/04/2026","08:30","17:30","","","None","","Workday"
"6","Miguel","Reyes","1-00005","29/04/2026","08:17","17:00","","","None","","Workday"
"7","Ana","Cruz","1-00006","29/04/2026","","","","","None","","Restday"
"8","Roberto","Lim","1-00007","29/04/2026","08:00","17:00","","","None","","Workday"
"9","Maria","Gonzales","1-00008","29/04/2026","09:22","18:00","","","None","","Workday"
"10","James","Villanueva","1-00009","29/04/2026","13:00","17:00","","","None","","Workday"
"11","Patricia","Ng","1-00010","29/04/2026","08:00","17:00","","","None","","Workday"
"2","Franklin","Moris","1-00001","30/04/2026","08:00","17:00","","","None","","Workday"
"3","Gwen Atasha","Lumagbas","1-00002","30/04/2026","08:00","17:00","","","None","","Workday"
"4","Maron","Javier","1-00003","30/04/2026","","","","","None","","Restday"
"5","Elena","Santos","1-00004","30/04/2026","08:30","17:30","","","None","","Workday"
"6","Miguel","Reyes","1-00005","30/04/2026","08:00","17:00","","","None","","Workday"
"7","Ana","Cruz","1-00006","30/04/2026","13:00","17:00","","","None","","Workday"
"8","Roberto","Lim","1-00007","30/04/2026","08:00","17:00","","","None","","Workday"
"9","Maria","Gonzales","1-00008","30/04/2026","09:00","18:00","","","None","","Workday"
"10","James","Villanueva","1-00009","30/04/2026","","","","","None","","Restday"
"11","Patricia","Ng","1-00010","30/04/2026","08:00","17:00","","","None","","Workday"
"2","Franklin","Moris","1-00001","01/05/2026","","","","","VL","","Workday"
"3","Gwen Atasha","Lumagbas","1-00002","01/05/2026","08:00","17:00","","","None","","Workday"
"4","Maron","Javier","1-00003","01/05/2026","13:12","17:00","","","None","","Workday"
"5","Elena","Santos","1-00004","01/05/2026","08:30","17:30","","","None","","Workday"
"6","Miguel","Reyes","1-00005","01/05/2026","08:17","17:00","","","None","","Workday"
"7","Ana","Cruz","1-00006","01/05/2026","","","","","None","","Restday"
"8","Roberto","Lim","1-00007","01/05/2026","08:00","17:00","","","None","","Workday"
"9","Maria","Gonzales","1-00008","01/05/2026","09:00","18:00","","","None","","Workday"
"10","James","Villanueva","1-00009","01/05/2026","","","","","VL","","Workday"
"11","Patricia","Ng","1-00010","01/05/2026","08:00","17:00","","","None","","Workday"
"2","Franklin","Moris","1-00001","02/05/2026","","","","","VL","","Workday"
"3","Gwen Atasha","Lumagbas","1-00002","02/05/2026","","","","","None","","Restday"
"4","Maron","Javier","1-00003","02/05/2026","","","","","None","","Restday"
"5","Elena","Santos","1-00004","02/05/2026","","","","","None","","Restday"
"6","Miguel","Reyes","1-00005","02/05/2026","","","","","None","","Restday"
"7","Ana","Cruz","1-00006","02/05/2026","","","","","None","","Restday"
"8","Roberto","Lim","1-00007","02/05/2026","","","","","None","","Restday"
"9","Maria","Gonzales","1-00008","02/05/2026","","","","","None","","Restday"
"10","James","Villanueva","1-00009","02/05/2026","","","","","None","","Restday"
"11","Patricia","Ng","1-00010","02/05/2026","","","","","None","","Restday"
"2","Franklin","Moris","1-00001","03/05/2026","","","","","None","","Restday"
"3","Gwen Atasha","Lumagbas","1-00002","03/05/2026","","","","","None","","Restday"
"4","Maron","Javier","1-00003","03/05/2026","","","","","None","","Restday"
"5","Elena","Santos","1-00004","03/05/2026","","","","","None","","Restday"
"6","Miguel","Reyes","1-00005","03/05/2026","","","","","None","","Restday"
"7","Ana","Cruz","1-00006","03/05/2026","","","","","None","","Restday"
"8","Roberto","Lim","1-00007","03/05/2026","","","","","None","","Restday"
"9","Maria","Gonzales","1-00008","03/05/2026","","","","","None","","Restday"
"10","James","Villanueva","1-00009","03/05/2026","","","","","None","","Restday"
"11","Patricia","Ng","1-00010","03/05/2026","","","","","None","","Restday"
"2","Franklin","Moris","1-00001","04/05/2026","08:00","17:00","","","None","","Workday"
"3","Gwen Atasha","Lumagbas","1-00002","04/05/2026","08:00","17:00","","","None","","Workday"
"4","Maron","Javier","1-00003","04/05/2026","13:00","17:00","","","None","","Workday"
"5","Elena","Santos","1-00004","04/05/2026","08:30","17:30","","","None","","Workday"
"6","Miguel","Reyes","1-00005","04/05/2026","08:00","17:00","","","None","","Workday"
"7","Ana","Cruz","1-00006","04/05/2026","","","","","None","","Restday"
"8","Roberto","Lim","1-00007","04/05/2026","08:00","17:00","","","None","","Workday"
"9","Maria","Gonzales","1-00008","04/05/2026","09:00","18:00","","","None","","Workday"
"10","James","Villanueva","1-00009","04/05/2026","13:00","17:00","","","None","","Workday"
"11","Patricia","Ng","1-00010","04/05/2026","08:00","17:00","","","None","","Workday"
"2","Franklin","Moris","1-00001","05/05/2026","09:00","12:00","","","None","OB","Workday"
"3","Gwen Atasha","Lumagbas","1-00002","05/05/2026","08:00","17:00","","","None","","Workday"
"4","Maron","Javier","1-00003","05/05/2026","","","","","None","","Restday"
"5","Elena","Santos","1-00004","05/05/2026","08:30","17:30","","","None","","Workday"
"6","Miguel","Reyes","1-00005","05/05/2026","08:00","17:00","","","None","","Workday"
"7","Ana","Cruz","1-00006","05/05/2026","13:00","17:00","","","None","","Workday"
"8","Roberto","Lim","1-00007","05/05/2026","08:00","17:00","","","None","","Workday"
"9","Maria","Gonzales","1-00008","05/05/2026","09:00","18:00","","","None","","Workday"
"10","James","Villanueva","1-00009","05/05/2026","","","","","None","","Restday"
"11","Patricia","Ng","1-00010","05/05/2026","08:00","17:00","","","None","","Workday"
"2","Franklin","Moris","1-00001","06/05/2026","08:00","17:00","","","None","","Workday"
"3","Gwen Atasha","Lumagbas","1-00002","06/05/2026","08:00","17:00","","","None","","Workday"
"4","Maron","Javier","1-00003","06/05/2026","","","","","SIL","","Workday"
"5","Elena","Santos","1-00004","06/05/2026","08:30","17:30","","","None","","Workday"
"6","Miguel","Reyes","1-00005","06/05/2026","08:00","17:00","","","None","","Workday"
"7","Ana","Cruz","1-00006","06/05/2026","","","","","None","","Restday"
"8","Roberto","Lim","1-00007","06/05/2026","08:00","17:00","","","None","","Workday"
"9","Maria","Gonzales","1-00008","06/05/2026","09:00","18:00","","","None","","Workday"
"10","James","Villanueva","1-00009","06/05/2026","13:00","17:00","","","None","","Workday"
"11","Patricia","Ng","1-00010","06/05/2026","08:00","17:00","","","None","","Workday"
"2","Franklin","Moris","1-00001","07/05/2026","08:00","17:00","","","None","","Workday"
"3","Gwen Atasha","Lumagbas","1-00002","07/05/2026","08:00","17:00","","","None","","Workday"
"4","Maron","Javier","1-00003","07/05/2026","","","","","SIL","","Workday"
"5","Elena","Santos","1-00004","07/05/2026","08:30","17:30","","","None","","Workday"
"6","Miguel","Reyes","1-00005","07/05/2026","08:00","17:00","","","None","","Workday"
"7","Ana","Cruz","1-00006","07/05/2026","13:12","17:00","","","None","","Workday"
"8","Roberto","Lim","1-00007","07/05/2026","08:00","17:00","","","None","","Workday"
"9","Maria","Gonzales","1-00008","07/05/2026","09:00","18:00","","","None","","Workday"
"10","James","Villanueva","1-00009","07/05/2026","13:00","17:00","","","None","OB","Workday"
"11","Patricia","Ng","1-00010","07/05/2026","08:00","17:00","","","None","","Workday"
"2","Franklin","Moris","1-00001","08/05/2026","08:00","17:00","","","None","","Workday"
"3","Gwen Atasha","Lumagbas","1-00002","08/05/2026","13:00","17:00","","","None","OB","Workday"
"4","Maron","Javier","1-00003","08/05/2026","13:00","17:00","","","None","","Workday"
"5","Elena","Santos","1-00004","08/05/2026","08:30","17:30","","","None","","Workday"
"6","Miguel","Reyes","1-00005","08/05/2026","08:00","17:00","","","None","","Workday"
"7","Ana","Cruz","1-00006","08/05/2026","","","","","None","","Restday"
"8","Roberto","Lim","1-00007","08/05/2026","08:00","17:00","","","None","","Workday"
"9","Maria","Gonzales","1-00008","08/05/2026","09:00","18:00","","","None","","Workday"
"10","James","Villanueva","1-00009","08/05/2026","13:00","17:00","","","None","","Workday"
"11","Patricia","Ng","1-00010","08/05/2026","08:00","17:00","","","None","","Workday"
"2","Franklin","Moris","1-00001","09/05/2026","","","","","None","","Restday"
"3","Gwen Atasha","Lumagbas","1-00002","09/05/2026","","","","","None","","Restday"
"4","Maron","Javier","1-00003","09/05/2026","","","","","None","","Restday"
"5","Elena","Santos","1-00004","09/05/2026","","","","","None","","Restday"
"6","Miguel","Reyes","1-00005","09/05/2026","","","","","None","","Restday"
"7","Ana","Cruz","1-00006","09/05/2026","","","","","None","","Restday"
"8","Roberto","Lim","1-00007","09/05/2026","","","","","None","","Restday"
"9","Maria","Gonzales","1-00008","09/05/2026","","","","","None","","Restday"
"10","James","Villanueva","1-00009","09/05/2026","","","","","None","","Restday"
"11","Patricia","Ng","1-00010","09/05/2026","","","","","None","","Restday"
"2","Franklin","Moris","1-00001","10/05/2026","","","","","None","","Restday"
"3","Gwen Atasha","Lumagbas","1-00002","10/05/2026","","","","","None","","Restday"
"4","Maron","Javier","1-00003","10/05/2026","","","","","None","","Restday"
"5","Elena","Santos","1-00004","10/05/2026","","","","","None","","Restday"
"6","Miguel","Reyes","1-00005","10/05/2026","","","","","None","","Restday"
"7","Ana","Cruz","1-00006","10/05/2026","","","","","None","","Restday"
"8","Roberto","Lim","1-00007","10/05/2026","","","","","None","","Restday"
"9","Maria","Gonzales","1-00008","10/05/2026","","","","","None","","Restday"
"10","James","Villanueva","1-00009","10/05/2026","","","","","None","","Restday"
"11","Patricia","Ng","1-00010","10/05/2026","","","","","None","","Restday"
"2","Franklin","Moris","1-00001","11/05/2026","08:00","17:00","","","None","","Workday"
"3","Gwen Atasha","Lumagbas","1-00002","11/05/2026","08:00","17:00","","","None","","Workday"
"4","Maron","Javier","1-00003","11/05/2026","13:00","17:00","","","None","","Workday"
"5","Elena","Santos","1-00004","11/05/2026","08:30","17:30","","","None","","Workday"
"6","Miguel","Reyes","1-00005","11/05/2026","08:00","17:00","","","None","","Workday"
"7","Ana","Cruz","1-00006","11/05/2026","","","","","None","","Restday"
"8","Roberto","Lim","1-00007","11/05/2026","08:00","17:00","","","None","","Workday"
"9","Maria","Gonzales","1-00008","11/05/2026","09:00","18:00","","","None","","Workday"
"10","James","Villanueva","1-00009","11/05/2026","13:00","17:00","","","None","","Workday"
"11","Patricia","Ng","1-00010","11/05/2026","08:00","12:00","","","None","OB","Workday"
"2","Franklin","Moris","1-00001","12/05/2026","08:00","17:00","","","None","","Workday"
"3","Gwen Atasha","Lumagbas","1-00002","12/05/2026","08:00","17:00","","","None","","Workday"
"4","Maron","Javier","1-00003","12/05/2026","08:00","17:00","","","None","OB","Workday"
"5","Elena","Santos","1-00004","12/05/2026","08:30","17:30","","","None","","Workday"
"6","Miguel","Reyes","1-00005","12/05/2026","08:00","17:00","","","None","","Workday"
"7","Ana","Cruz","1-00006","12/05/2026","13:00","17:00","","","None","","Workday"
"8","Roberto","Lim","1-00007","12/05/2026","08:00","17:00","","","None","","Workday"
"9","Maria","Gonzales","1-00008","12/05/2026","09:00","18:00","","","None","","Workday"
"10","James","Villanueva","1-00009","12/05/2026","","","","","None","","Restday"
"11","Patricia","Ng","1-00010","12/05/2026","08:00","17:00","","","None","","Workday"
"2","Franklin","Moris","1-00001","13/05/2026","08:00","17:00","","","None","","Workday"
"3","Gwen Atasha","Lumagbas","1-00002","13/05/2026","08:00","17:00","","","None","","Workday"
"4","Maron","Javier","1-00003","13/05/2026","13:00","16:40","20","","None","","Workday"
"5","Elena","Santos","1-00004","13/05/2026","08:30","17:30","","","None","","Workday"
"6","Miguel","Reyes","1-00005","13/05/2026","08:00","17:00","","","None","","Workday"
"7","Ana","Cruz","1-00006","13/05/2026","","","","","None","","Restday"
"8","Roberto","Lim","1-00007","13/05/2026","08:00","17:00","","","None","","Workday"
"9","Maria","Gonzales","1-00008","13/05/2026","09:00","18:00","","","None","","Workday"
"10","James","Villanueva","1-00009","13/05/2026","13:00","17:00","","","None","","Workday"
"11","Patricia","Ng","1-00010","13/05/2026","08:00","17:00","","","None","","Workday"
"2","Franklin","Moris","1-00001","14/05/2026","08:00","17:00","","","None","","Workday"
"3","Gwen Atasha","Lumagbas","1-00002","14/05/2026","08:00","17:00","","","None","","Workday"
"4","Maron","Javier","1-00003","14/05/2026","","","","","None","","Restday"
"5","Elena","Santos","1-00004","14/05/2026","08:30","17:30","","","None","","Workday"
"6","Miguel","Reyes","1-00005","14/05/2026","08:00","19:00","","2","None","","Workday"
"7","Ana","Cruz","1-00006","14/05/2026","13:00","17:00","","","None","","Workday"
"8","Roberto","Lim","1-00007","14/05/2026","08:00","17:00","","","None","","Workday"
"9","Maria","Gonzales","1-00008","14/05/2026","09:00","18:00","","","None","","Workday"
"10","James","Villanueva","1-00009","14/05/2026","","","","","None","","Restday"
"11","Patricia","Ng","1-00010","14/05/2026","08:00","17:00","","","None","","Workday"
"2","Franklin","Moris","1-00001","15/05/2026","08:00","17:00","","","None","","Workday"
"3","Gwen Atasha","Lumagbas","1-00002","15/05/2026","08:00","17:00","","","None","","Workday"
"4","Maron","Javier","1-00003","15/05/2026","13:00","17:00","","","None","","Workday"
"5","Elena","Santos","1-00004","15/05/2026","08:30","17:30","","","None","","Workday"
"6","Miguel","Reyes","1-00005","15/05/2026","08:00","17:00","","","None","","Workday"
"7","Ana","Cruz","1-00006","15/05/2026","","","","","None","","Restday"
"8","Roberto","Lim","1-00007","15/05/2026","08:00","16:40","20","","None","","Workday"
"9","Maria","Gonzales","1-00008","15/05/2026","09:00","18:00","","","None","","Workday"
"10","James","Villanueva","1-00009","15/05/2026","13:00","17:00","","","None","","Workday"
"11","Patricia","Ng","1-00010","15/05/2026","08:00","17:00","","","None","","Workday"
"2","Franklin","Moris","1-00001","16/05/2026","","","","","None","","Restday"
"3","Gwen Atasha","Lumagbas","1-00002","16/05/2026","","","","","None","","Restday"
"4","Maron","Javier","1-00003","16/05/2026","","","","","None","","Restday"
"5","Elena","Santos","1-00004","16/05/2026","","","","","None","","Restday"
"6","Miguel","Reyes","1-00005","16/05/2026","","","","","None","","Restday"
"7","Ana","Cruz","1-00006","16/05/2026","","","","","None","","Restday"
"8","Roberto","Lim","1-00007","16/05/2026","","","","","None","","Restday"
"9","Maria","Gonzales","1-00008","16/05/2026","","","","","None","","Restday"
"10","James","Villanueva","1-00009","16/05/2026","","","","","None","","Restday"
"11","Patricia","Ng","1-00010","16/05/2026","","","","","None","","Restday"
"2","Franklin","Moris","1-00001","17/05/2026","","","","","None","","Restday"
"3","Gwen Atasha","Lumagbas","1-00002","17/05/2026","","","","","None","","Restday"
"4","Maron","Javier","1-00003","17/05/2026","","","","","None","","Restday"
"5","Elena","Santos","1-00004","17/05/2026","","","","","None","","Restday"
"6","Miguel","Reyes","1-00005","17/05/2026","","","","","None","","Restday"
"7","Ana","Cruz","1-00006","17/05/2026","","","","","None","","Restday"
"8","Roberto","Lim","1-00007","17/05/2026","","","","","None","","Restday"
"9","Maria","Gonzales","1-00008","17/05/2026","","","","","None","","Restday"
"10","James","Villanueva","1-00009","17/05/2026","","","","","None","","Restday"
"11","Patricia","Ng","1-00010","17/05/2026","","","","","None","","Restday"
"2","Franklin","Moris","1-00001","18/05/2026","08:00","17:00","","","None","","Workday"
"3","Gwen Atasha","Lumagbas","1-00002","18/05/2026","08:00","17:00","","","None","","Workday"
"4","Maron","Javier","1-00003","18/05/2026","13:00","17:00","","","None","","Workday"
"5","Elena","Santos","1-00004","18/05/2026","08:30","17:30","","","None","","Workday"
"6","Miguel","Reyes","1-00005","18/05/2026","08:00","17:00","","","None","","Workday"
"7","Ana","Cruz","1-00006","18/05/2026","","","","","None","","Restday"
"8","Roberto","Lim","1-00007","18/05/2026","08:00","17:00","","","None","","Workday"
"9","Maria","Gonzales","1-00008","18/05/2026","09:00","18:00","","","None","","Workday"
"10","James","Villanueva","1-00009","18/05/2026","13:00","17:00","","","None","","Workday"
"11","Patricia","Ng","1-00010","18/05/2026","08:00","17:00","","","None","","Workday"
